datetime,159851,159570,159922,513090,516010,588200,513560,513750,159529,159531,512070,512800,588800,513030,159561,518850,159770,159992,512660,159612,513920,159755,159732,513630,517520,515880,159822,510760,159699,513310,512400,513400,512890,512200,513390,513520,511380,159655,513080,513730,159766,513360,159865,159928,511220,159691,159980,159611,513350,159985,515220,ic
2024-06-03,,,,,,,,,,,,,,,,,,,,,,,,,,,,,,,,,,,,,,,,,,,,,,,,,,,,
2024-06-04,,,,,,,,,,,,,,,,,,,,,,,,,,,,,,,,,,,,,,,,,,,,,,,,,,,,
2024-06-05,,,,,,,,,,,,,,,,,,,,,,,,,,,,,,,,,,,,,,,,,,,,,,,,,,,,
2024-06-06,,,,,,,,,,,,,,,,,,,,,,,,,,,,,,,,,,,,,,,,,,,,,,,,,,,,
2024-06-07,,,,,,,,,,,,,,,,,,,,,,,,,,,,,,,,,,,,,,,,,,,,,,,,,,,,
2024-06-11,,,,,,,,,,,,,,,,,,,,,,,,,,,,,,,,,,,,,,,,,,,,,,,,,,,,
2024-06-12,,,,,,,,,,,,,,,,,,,,,,,,,,,,,,,,,,,,,,,,,,,,,,,,,,,,
2024-06-13,,,,,,,,,,,,,,,,,,,,,,,,,,,,,,,,,,,,,,,,,,,,,,,,,,,,
2024-06-14,,,,,,,,,,,,,,,,,,,,,,,,,,,,,,,,,,,,,,,,,,,,,,,,,,,,
2024-06-17,0.1,0.4,0.4,0.3,0.1,0.6,0.4,0.9,0.5,0.1,0.8,0.3,0.2,0.9,1.0,0.2,0.3,0.1,0.1,0.9,0.8,0.7,1.0,0.2,0.2,0.5,0.7,0.5,0.2,0.8,0.3,0.1,0.4,0.3,0.3,0.8,0.2,0.5,1.0,0.6,0.1,0.4,0.5,0.7,0.4,0.4,0.1,0.6,0.3,0.9,0.8,0.2954492186032706
2024-06-18,0.3,0.4,0.6,0.7,0.1,0.5,0.4,1.0,0.8,0.5,0.7,0.7,0.1,0.7,0.9,0.4,0.6,0.3,0.2,0.2,0.5,0.4,0.9,0.9,0.3,0.5,0.2,0.3,0.8,0.8,1.0,0.9,0.4,0.2,1.0,0.5,0.5,0.1,0.9,0.7,0.2,0.3,0.6,0.8,0.8,0.7,0.3,1.0,0.4,0.3,0.2,0.2811224310757136
2024-06-19,0.7,0.3,0.6,0.4,0.2,0.7,0.9,0.7,0.2,0.2,0.4,0.3,0.4,0.3,0.4,0.7,0.4,0.6,0.2,0.1,1.0,0.6,0.7,1.0,0.4,0.4,0.9,0.2,0.8,1.0,0.4,0.3,0.7,0.1,0.8,0.8,0.5,0.5,0.6,1.0,0.8,0.1,0.1,0.2,0.8,0.8,0.4,0.1,0.4,0.2,0.9,0.0011857896327532385
2024-06-20,0.7,0.7,0.6,0.4,0.6,0.8,0.5,0.6,0.9,0.3,0.5,0.9,0.6,0.2,0.2,0.6,0.1,0.5,0.9,0.9,1.0,0.7,0.8,0.9,0.5,0.3,0.1,0.8,0.6,1.0,0.9,0.7,0.2,0.5,0.5,0.7,1.0,0.7,0.4,0.6,0.9,0.8,0.4,1.0,0.9,0.9,0.6,0.2,0.2,0.1,0.9,-0.04544785110001957
2024-06-21,0.3,0.1,0.6,0.5,0.5,0.5,0.1,0.1,0.8,0.3,1.0,0.8,0.6,0.4,0.6,0.4,0.7,0.7,0.1,0.6,0.9,0.3,0.7,0.7,0.3,0.5,0.1,0.9,0.4,0.6,0.4,1.0,0.1,0.1,0.9,0.3,0.9,0.6,0.8,0.7,0.9,0.9,0.5,0.6,0.7,0.7,0.1,0.8,0.4,0.4,0.1,0.31775153413282936
2024-06-24,0.1,0.2,0.9,0.1,0.7,0.6,0.2,0.1,1.0,0.7,0.4,0.1,0.7,0.1,0.2,0.8,0.6,0.5,0.2,0.5,0.5,0.2,0.6,0.5,0.3,0.1,0.1,1.0,0.2,0.1,0.3,0.7,0.4,0.6,0.8,0.8,1.0,0.6,0.1,0.4,0.7,0.8,0.3,0.8,0.9,0.4,0.2,0.3,0.1,0.6,0.4,0.12864339212519882
2024-06-25,1.0,0.2,1.0,0.6,0.9,0.9,0.3,0.5,0.7,0.7,0.7,0.9,0.9,0.8,1.0,0.8,0.1,0.2,0.6,0.4,0.8,0.4,0.3,0.8,0.9,0.6,0.6,0.9,0.2,0.1,0.4,1.0,0.5,0.7,0.8,1.0,1.0,0.4,0.4,0.7,1.0,1.0,0.9,0.4,0.4,0.9,0.1,0.1,1.0,0.1,0.9,0.2144824909466747
2024-06-26,0.7,0.3,0.9,0.7,1.0,0.3,0.2,0.6,0.3,0.9,0.2,0.5,0.5,0.9,0.9,0.5,0.4,0.4,0.2,1.0,0.6,0.9,0.3,0.8,0.1,0.5,0.2,0.8,0.7,0.9,0.8,1.0,0.9,0.4,0.7,1.0,0.7,1.0,1.0,1.0,0.4,0.9,0.7,0.5,0.1,0.6,0.9,0.1,0.9,0.4,0.2,0.11226451610902709
2024-06-27,0.6,0.1,0.7,0.2,0.9,0.1,0.9,0.9,1.0,0.9,0.2,0.7,1.0,0.4,0.4,1.0,0.1,0.3,0.1,0.7,0.5,0.1,1.0,0.6,0.9,0.2,0.8,0.6,0.2,0.6,0.2,0.9,1.0,0.2,0.8,0.9,0.9,1.0,0.5,0.4,0.3,0.7,0.8,0.3,0.6,0.6,0.2,0.1,0.5,0.6,0.2,0.15902884139190118
2024-06-28,0.9,0.3,1.0,0.9,0.5,0.2,0.8,0.6,1.0,0.8,0.9,0.4,0.4,0.3,0.5,0.9,0.3,0.5,1.0,0.7,1.0,0.5,0.8,0.7,1.0,1.0,1.0,0.9,0.9,0.7,0.5,0.6,1.0,1.0,1.0,0.9,0.4,0.8,0.8,1.0,0.3,0.8,0.2,0.9,0.9,0.9,1.0,0.9,0.8,0.9,0.5,0.07322178646985084
2024-07-01,0.7,0.1,0.7,0.1,0.5,0.4,0.1,0.2,0.8,0.8,0.3,0.5,0.4,0.9,1.0,0.2,0.1,1.0,0.4,0.4,0.8,0.8,0.7,0.6,0.2,1.0,0.8,0.6,0.1,0.3,0.6,0.5,0.7,1.0,0.7,0.7,0.9,0.4,1.0,0.7,0.4,0.7,0.9,0.6,0.8,0.1,0.7,0.7,0.7,1.0,0.9,0.008491352962566132
2024-07-02,1.0,0.7,0.1,0.4,0.3,0.1,0.9,0.9,0.8,0.5,0.7,0.6,0.1,0.9,0.9,0.5,0.1,0.4,0.4,0.2,0.9,0.6,0.1,0.9,0.5,0.3,0.5,0.2,1.0,0.3,0.1,0.4,0.8,0.8,0.9,0.7,0.2,0.1,0.8,0.9,0.1,0.7,0.2,0.6,0.1,0.8,0.2,0.5,0.4,0.4,0.6,-0.09335654303326783
2024-07-03,0.3,0.9,0.6,0.5,0.1,0.4,0.7,0.6,0.9,0.3,0.7,0.7,0.2,0.9,0.8,0.3,1.0,0.4,0.4,0.4,0.6,0.6,0.6,0.9,0.3,0.5,0.9,0.1,0.6,1.0,0.2,0.3,0.8,0.9,0.8,1.0,0.2,0.6,0.6,1.0,0.9,0.8,0.1,0.6,0.3,0.2,0.4,1.0,0.2,0.7,0.3,0.17629154456817597
2024-07-04,0.6,0.4,0.8,0.2,0.7,0.2,0.6,0.3,1.0,0.3,0.6,0.3,0.3,1.0,1.0,0.5,0.9,0.9,0.6,1.0,0.4,0.3,0.7,0.3,0.7,0.5,0.8,0.5,0.2,0.8,0.6,0.9,0.2,0.3,1.0,1.0,0.1,1.0,1.0,1.0,0.7,0.8,0.6,1.0,0.7,0.1,0.6,0.4,0.6,1.0,0.2,0.31584983701467595
2024-07-05,0.2,1.0,0.7,0.9,0.3,0.5,0.3,0.5,0.6,0.5,0.9,0.7,0.7,0.9,0.9,0.6,0.6,1.0,0.6,0.8,0.8,0.8,0.1,0.5,1.0,0.6,0.3,1.0,0.6,0.8,1.0,0.2,0.4,0.2,0.7,1.0,0.5,0.7,0.8,0.9,0.6,0.5,0.1,0.1,0.5,0.8,0.8,0.4,0.7,0.8,0.8,-0.03706935871757427
2024-07-08,0.1,0.5,0.1,0.4,0.6,1.0,0.2,0.1,1.0,0.3,0.8,0.1,0.4,0.3,0.7,0.4,0.8,0.9,0.2,0.6,0.5,0.8,0.3,0.1,0.8,0.2,0.1,0.9,0.7,0.7,0.5,0.3,0.7,0.8,0.5,0.6,0.2,0.9,0.6,1.0,0.6,0.9,0.1,0.8,0.8,0.4,0.5,0.7,0.9,0.2,0.1,-0.059361482377331805
2024-07-09,0.4,0.8,0.6,1.0,0.8,1.0,0.5,0.4,1.0,0.9,1.0,0.4,0.5,0.4,0.6,0.4,0.8,0.8,0.9,0.9,0.3,0.4,0.9,0.1,0.6,1.0,0.4,0.8,0.4,1.0,0.9,0.1,0.6,0.3,0.8,0.9,1.0,1.0,0.6,1.0,0.9,0.9,0.8,0.9,0.3,0.6,0.6,0.6,0.8,0.8,0.4,0.021478367518329832
2024-07-10,0.1,0.6,0.3,0.6,0.2,0.8,0.4,0.6,0.3,0.6,0.6,0.1,0.2,0.6,0.7,0.8,0.2,0.7,0.2,1.0,0.1,0.8,1.0,0.8,0.6,0.9,0.4,0.6,0.6,0.7,0.8,0.6,1.0,0.1,0.1,0.6,0.2,0.9,0.5,0.8,0.3,0.1,0.4,0.9,0.1,0.7,0.7,1.0,0.5,0.9,1.0,0.006026260242474632
2024-07-11,0.1,0.7,0.4,0.7,1.0,0.8,0.6,0.6,0.9,0.9,0.9,0.8,0.3,0.3,0.3,0.4,0.6,0.9,0.8,0.7,0.4,1.0,0.9,0.3,0.9,0.7,1.0,0.7,0.9,0.9,1.0,0.1,0.2,0.5,0.9,0.4,0.8,0.6,0.7,0.6,1.0,0.5,0.6,0.8,0.6,0.1,0.7,0.8,0.9,1.0,0.8,0.02876433482189646
2024-07-12,0.3,0.9,0.3,0.4,0.3,0.6,0.8,0.4,0.9,0.2,0.1,0.9,0.2,0.2,0.8,1.0,0.1,0.6,0.1,0.6,0.2,0.2,0.6,0.2,1.0,0.6,0.9,1.0,1.0,0.7,0.9,0.9,0.9,0.9,0.9,0.3,0.2,0.6,0.1,0.9,0.8,0.2,0.6,0.2,0.5,0.6,0.7,0.7,1.0,0.8,1.0,0.06485699657714604
2024-07-15,0.5,0.1,0.6,0.1,0.3,0.5,0.9,0.3,1.0,0.1,0.2,1.0,0.1,0.8,0.7,0.5,0.8,0.4,0.3,0.7,0.1,0.2,0.2,0.7,0.6,0.5,0.6,0.1,0.2,0.2,0.5,1.0,0.4,0.4,0.7,0.1,0.2,0.9,0.2,0.4,0.3,0.1,0.9,0.3,0.2,1.0,0.2,0.1,0.9,0.7,0.8,-0.2755086134568407
2024-07-16,0.1,0.2,0.3,0.3,0.5,1.0,0.2,0.2,0.9,0.1,0.3,0.5,0.2,0.7,0.8,0.9,0.3,0.1,0.1,0.9,0.3,0.3,0.7,0.4,0.5,0.7,0.6,0.2,0.8,1.0,0.2,0.8,0.1,0.6,0.7,0.3,0.4,0.6,0.2,0.3,0.1,0.5,0.8,0.2,0.8,0.8,0.1,0.1,1.0,0.5,0.1,-0.0980095305102395
2024-07-17,0.1,0.8,0.3,0.4,0.9,1.0,1.0,0.8,1.0,0.3,1.0,0.3,0.3,0.8,0.9,1.0,0.3,0.8,0.1,1.0,0.8,0.1,0.6,0.8,1.0,0.8,0.6,0.3,0.9,0.7,0.8,1.0,0.1,0.8,0.6,0.2,0.2,0.9,0.8,1.0,0.8,0.2,0.7,0.6,0.5,1.0,0.9,0.5,1.0,1.0,0.7,-0.23560973113785147
2024-07-18,0.9,0.8,0.8,0.5,1.0,1.0,1.0,0.3,0.9,1.0,0.4,0.2,0.4,0.3,0.8,0.9,0.9,0.4,1.0,0.9,0.6,0.9,0.9,1.0,0.5,0.8,0.5,0.4,0.8,0.8,0.8,1.0,0.4,0.1,0.6,0.1,0.9,0.3,0.4,0.9,0.4,0.8,0.6,0.7,0.9,0.8,0.6,0.3,1.0,0.3,0.5,-0.0710242908574486
2024-07-19,0.9,0.2,0.5,0.9,1.0,1.0,0.7,0.5,0.8,0.7,0.7,0.5,0.4,0.8,0.2,0.7,0.5,0.3,1.0,0.4,0.8,1.0,0.4,0.8,0.8,0.3,0.7,0.4,0.9,1.0,0.4,0.8,0.5,0.8,0.1,0.1,0.7,0.1,0.4,0.7,0.4,0.7,0.2,0.9,0.2,0.4,0.8,0.2,0.9,0.9,0.3,0.1698310885916064
2024-07-22,1.0,0.5,0.6,0.9,0.5,0.4,0.5,0.2,0.7,0.4,1.0,0.7,0.1,0.8,0.1,1.0,0.6,0.6,0.6,0.6,1.0,0.6,0.1,0.5,0.3,0.3,0.2,0.4,0.9,0.5,0.1,0.8,0.8,0.3,0.3,0.1,0.6,0.5,0.4,0.3,0.2,0.9,0.4,0.4,0.7,0.6,0.7,0.2,0.6,0.7,0.8,0.24966365944481533
2024-07-23,0.9,0.3,0.4,0.4,0.6,1.0,0.3,0.3,0.4,0.6,0.7,0.7,0.1,0.2,0.4,0.7,1.0,0.7,0.7,0.7,0.4,0.6,0.4,0.6,0.6,0.2,0.1,0.5,0.6,0.1,0.7,0.7,0.3,0.2,0.4,0.3,0.8,0.3,0.1,0.1,0.4,0.4,0.7,0.4,0.6,0.2,1.0,0.2,0.5,0.5,0.3,0.3931271575301776
2024-07-24,0.6,0.6,1.0,0.2,0.7,0.5,0.3,0.1,0.4,0.9,0.5,0.4,0.5,0.1,0.2,0.9,0.9,0.5,1.0,0.3,0.4,0.5,0.3,0.7,0.1,0.5,0.2,0.8,1.0,0.4,0.3,0.4,0.6,0.5,0.1,0.5,1.0,0.1,0.2,0.1,0.7,0.3,0.7,0.4,1.0,0.1,0.5,0.9,0.7,0.3,0.7,0.3441083939124342
2024-07-25,0.6,0.5,0.8,0.9,0.4,0.1,0.3,0.2,0.2,0.5,0.7,0.3,0.9,0.9,0.2,1.0,0.2,0.2,0.5,0.5,0.6,0.8,0.4,0.4,0.8,0.8,0.9,0.9,0.3,0.3,0.4,0.5,0.5,0.7,0.5,0.4,0.9,0.3,0.9,0.3,0.3,0.3,0.2,0.1,0.3,0.1,1.0,0.4,0.4,0.1,0.4,0.15603178482467384
2024-07-26,0.3,0.5,0.9,0.8,0.4,0.1,0.1,0.9,0.1,0.5,0.3,0.5,0.1,0.1,0.1,1.0,0.6,0.2,1.0,0.4,0.1,0.8,0.6,0.9,0.1,0.5,0.7,0.9,0.4,0.7,0.7,0.8,0.3,0.2,1.0,0.6,0.7,0.3,0.3,0.1,0.2,0.6,0.1,0.5,0.1,0.1,0.7,0.6,0.7,0.2,0.5,-0.06520461579467028
2024-07-29,0.5,0.1,0.1,0.1,0.1,0.1,0.7,0.2,0.2,0.8,0.1,0.2,0.1,0.2,0.4,0.5,0.1,0.1,0.9,0.6,0.4,0.3,0.2,0.2,0.1,0.1,0.5,0.4,0.1,0.1,0.1,0.8,0.3,0.1,0.4,0.8,0.6,0.9,0.4,0.2,0.3,0.7,0.8,0.5,0.3,0.4,0.3,0.2,0.1,0.6,0.6,-0.21158446652137333
2024-07-30,0.6,0.8,0.1,0.2,0.2,0.3,0.6,0.2,0.6,0.2,0.1,0.1,0.2,0.4,0.1,0.1,0.4,0.2,0.5,0.1,0.1,0.7,0.2,0.2,0.6,0.1,0.2,0.7,0.3,0.4,0.2,0.7,0.3,0.7,0.3,1.0,0.6,0.4,0.4,0.3,0.1,0.2,0.1,0.7,1.0,0.1,0.1,0.1,0.2,0.1,1.0,0.02889348848490459
2024-07-31,1.0,1.0,0.9,1.0,1.0,0.6,0.9,1.0,0.5,0.6,1.0,0.8,0.9,0.5,0.3,0.5,1.0,1.0,1.0,0.1,0.8,0.8,0.9,0.3,0.6,0.9,0.9,0.9,1.0,0.8,0.6,0.5,0.9,1.0,0.9,1.0,0.9,0.7,0.6,0.3,1.0,1.0,1.0,1.0,0.1,0.6,0.9,0.9,0.6,0.5,0.9,0.3909724718140786
2024-08-01,0.9,0.9,0.7,0.9,0.3,0.7,0.2,0.5,0.1,0.2,0.8,0.8,0.5,0.3,0.9,0.6,0.9,0.9,0.9,0.2,0.1,0.9,0.4,0.1,1.0,0.6,0.2,0.1,0.5,0.9,0.4,0.1,0.3,0.2,0.6,0.8,0.5,0.9,0.3,0.2,0.8,1.0,0.3,0.5,0.6,0.3,0.7,0.5,0.3,1.0,0.6,-0.05436889268131467
2024-08-02,0.7,0.9,0.3,0.7,0.4,0.8,0.9,0.6,0.6,0.2,0.3,0.2,0.7,1.0,1.0,0.2,0.9,0.9,0.5,0.2,0.1,0.1,0.5,0.3,0.9,1.0,0.4,0.3,0.2,0.8,0.1,0.7,0.6,0.2,0.9,0.6,0.1,0.5,1.0,0.3,0.7,0.7,0.9,0.2,0.3,0.5,0.4,0.7,1.0,0.4,0.1,-0.12862791793225656
2024-08-05,0.9,1.0,0.6,0.9,1.0,0.6,0.8,0.9,1.0,0.7,0.9,0.8,0.7,1.0,1.0,1.0,0.9,1.0,0.5,1.0,0.8,0.8,1.0,0.9,0.4,0.9,0.3,0.8,0.9,1.0,0.3,0.9,0.9,0.9,0.9,1.0,0.7,1.0,1.0,1.0,1.0,0.9,0.9,0.9,0.8,1.0,0.6,0.8,1.0,0.8,0.2,0.4149184644735475
2024-08-06,0.7,0.9,0.4,0.8,1.0,0.5,0.3,1.0,0.4,0.1,0.5,1.0,0.6,0.4,0.4,0.6,0.5,1.0,0.4,0.9,0.5,0.3,0.1,0.1,0.4,0.2,0.6,0.9,0.7,0.4,0.2,0.7,0.8,0.9,1.0,1.0,0.6,0.7,0.7,0.9,0.8,1.0,0.8,0.8,0.9,0.6,0.7,0.7,0.8,0.5,0.4,0.046984417303130986
2024-08-07,0.5,0.6,0.4,0.6,0.7,0.2,0.35,0.7,1.0,0.1,0.4,0.3,0.2,0.5,0.5,0.7,0.4,0.5,0.5,0.5,0.9,0.9,0.1,0.7,0.7,0.3,0.8,0.6,0.8,0.5,0.6,0.2,0.1,0.2,0.6,1.0,0.2,0.4,0.1,0.2,0.9,1.0,0.7,0.3,0.2,0.5,0.5,0.8,0.9,0.9,0.7,-0.0473403005811294
2024-08-08,0.5,0.6,0.6,0.8,0.7,0.5,0.2,0.5,0.4,0.1,0.7,0.5,0.5,0.2,0.6,0.7,0.6,0.5,0.7,0.4,0.5,1.0,0.4,0.3,0.3,0.1,0.6,0.4,0.6,0.4,0.4,0.1,0.1,1.0,0.2,0.5,0.6,0.1,0.2,0.1,0.4,0.9,0.4,0.8,0.8,0.2,0.1,0.2,0.5,0.7,0.6,-0.5291241210862572
2024-08-09,0.3,0.2,0.9,0.3,0.5,0.3,0.1,0.1,0.3,0.1,0.6,0.6,0.4,0.1,0.2,0.3,0.4,0.3,0.1,0.4,0.4,0.2,0.1,0.4,0.2,0.1,0.9,0.2,0.4,0.2,0.7,0.3,0.2,1.0,0.5,0.7,0.1,0.2,0.4,0.2,0.4,0.6,0.3,0.7,0.7,0.6,0.5,0.2,0.6,0.5,0.8,-0.11289540261965865
2024-08-12,0.1,0.7,0.1,0.2,0.2,0.1,0.1,0.1,0.1,0.1,0.4,0.1,0.1,0.1,0.1,0.2,0.1,0.5,0.2,0.7,0.6,0.1,0.1,0.4,0.1,0.1,1.0,0.1,0.1,0.1,0.1,0.1,0.3,0.1,0.1,0.1,0.3,0.2,0.1,0.2,0.3,0.2,0.4,0.3,1.0,0.3,0.1,0.1,0.1,0.2,0.4,-0.16267137276349794
2024-08-13,0.2,0.3,0.2,0.6,0.1,0.5,0.2,0.2,0.2,0.1,0.4,0.3,0.1,0.1,0.1,0.1,0.1,0.1,0.1,0.7,0.3,0.5,0.3,0.2,0.3,0.1,0.5,0.6,0.3,0.1,0.4,0.1,0.4,0.1,0.1,0.4,0.1,0.4,0.2,0.3,0.5,0.1,0.4,0.4,0.5,0.1,0.3,0.2,0.2,1.0,0.1,0.05459821510067568
2024-08-14,0.1,0.1,1.0,0.1,0.8,0.3,0.8,0.1,0.2,0.1,1.0,1.0,0.2,0.4,0.3,0.1,0.2,0.1,0.1,0.4,0.9,0.1,0.4,0.3,0.2,0.2,0.6,0.4,0.2,0.1,0.6,0.4,0.2,0.1,0.4,0.7,0.5,0.3,0.4,0.4,0.1,0.2,0.6,0.3,0.8,0.5,0.1,0.7,0.4,0.9,0.1,0.21429656294492452
2024-08-15,0.8,0.2,1.0,0.9,1.0,0.8,0.2,0.7,0.4,0.8,0.5,0.7,0.7,0.3,0.4,0.3,0.8,0.2,0.4,1.0,0.9,0.6,0.9,0.8,0.1,0.4,0.9,0.7,0.6,0.2,0.6,0.4,0.7,0.4,0.3,0.4,1.0,0.6,0.3,0.1,0.7,0.5,0.4,0.6,0.7,1.0,0.5,1.0,0.1,0.4,1.0,-0.387797324196503
2024-08-16,0.2,0.5,0.1,0.4,0.4,0.3,1.0,0.5,0.5,0.9,0.5,0.8,0.1,0.7,0.4,0.4,0.7,0.3,0.6,0.8,0.5,0.6,0.6,0.7,0.6,0.9,1.0,0.1,0.4,0.3,0.7,0.8,0.8,0.1,0.7,0.6,1.0,0.6,0.7,0.8,0.2,0.4,0.9,0.6,0.2,0.9,0.8,0.5,0.3,0.2,0.3,0.2877407188954267
2024-08-19,0.5,0.2,0.5,0.3,0.5,0.2,0.5,0.9,0.5,0.7,0.9,0.9,0.3,0.6,0.7,0.6,0.5,0.1,0.2,0.7,0.9,0.3,0.2,0.7,1.0,0.4,0.3,0.3,0.3,0.2,1.0,0.4,1.0,0.4,0.4,0.5,0.8,0.6,0.8,0.8,0.1,0.4,0.3,0.5,0.8,0.9,0.6,0.1,0.4,0.1,0.5,0.35722066756398324
2024-08-20,0.9,0.1,0.7,0.3,0.8,0.6,0.1,0.5,0.3,0.7,0.1,0.7,0.9,0.5,0.5,0.1,0.6,0.2,0.8,0.7,0.1,0.5,0.6,0.3,0.7,0.4,0.1,0.5,0.4,0.4,1.0,0.4,0.7,0.2,0.4,0.4,0.8,0.3,0.7,0.9,0.6,0.2,0.9,1.0,0.4,0.6,1.0,0.4,0.2,0.4,1.0,-0.22107320577014147
2024-08-21,0.3,0.3,0.1,0.1,0.9,0.3,0.1,0.7,0.3,0.1,0.4,1.0,0.1,0.3,0.7,0.8,0.2,0.1,0.2,0.1,0.4,0.9,0.9,0.1,0.5,0.1,0.1,0.4,0.1,0.1,1.0,0.1,0.8,0.6,0.1,0.2,0.5,0.2,0.3,0.9,0.1,0.5,1.0,0.7,0.1,0.1,0.6,0.3,0.4,0.4,0.7,0.01807759727475127
2024-08-22,1.0,0.7,0.2,0.2,0.9,0.2,0.8,0.8,0.6,0.6,0.7,0.3,0.1,0.4,0.2,0.1,0.5,0.2,0.3,0.2,0.2,0.4,0.8,0.1,0.5,0.2,0.6,0.2,0.6,0.4,0.2,0.4,0.9,0.4,0.6,0.6,0.7,0.7,0.5,0.6,1.0,0.6,0.9,0.7,0.3,0.2,0.4,0.6,0.1,0.8,0.4,0.03588678393288386
2024-08-23,1.0,0.6,0.7,0.7,0.3,0.8,0.1,1.0,0.9,0.5,0.9,0.3,0.3,0.3,0.4,0.1,0.5,0.2,0.4,0.1,0.7,0.5,0.4,0.2,0.4,0.1,0.2,0.1,0.4,0.7,0.1,0.2,0.6,0.1,0.7,0.3,1.0,0.5,0.4,0.4,0.4,0.4,0.2,0.1,0.2,0.6,0.4,0.8,0.1,0.5,0.5,0.15961769754268912
2024-08-26,0.2,1.0,0.2,0.3,0.1,0.8,0.4,0.3,0.3,0.5,0.4,0.2,0.8,0.8,0.9,1.0,0.4,0.4,0.4,0.1,0.2,1.0,0.7,0.9,0.4,0.4,0.7,0.1,0.2,0.3,0.3,0.3,1.0,0.5,0.8,0.1,0.9,0.2,0.2,0.9,0.2,0.1,0.1,0.1,0.6,0.3,0.6,0.4,0.5,0.8,0.2,-0.027511939575767207
2024-08-27,0.5,0.8,0.7,0.1,0.9,0.1,0.3,1.0,0.7,0.5,0.3,0.1,0.1,0.5,0.4,1.0,0.2,0.6,0.2,0.2,1.0,0.6,0.8,1.0,0.9,0.4,0.8,0.2,0.8,0.2,0.2,0.6,0.3,0.7,0.9,0.2,0.6,0.1,0.2,0.2,0.3,0.1,0.1,0.4,1.0,0.7,0.6,0.6,0.3,0.6,0.8,-0.0900538021347933
2024-08-28,0.5,0.9,0.8,0.3,0.3,0.6,0.9,0.7,1.0,0.2,0.6,0.4,0.8,0.6,0.5,0.1,0.1,0.5,0.8,0.6,0.1,0.2,0.4,0.5,0.5,0.6,0.9,0.9,0.7,1.0,0.7,0.5,0.3,0.4,0.3,0.4,0.2,0.9,0.1,0.4,0.3,0.9,0.1,0.9,0.7,0.2,0.8,0.7,0.1,1.0,0.6,0.002275089374233562
2024-08-29,0.7,0.9,1.0,1.0,0.5,1.0,0.9,0.9,0.2,0.6,0.8,0.9,0.9,0.9,0.5,0.9,0.9,1.0,0.7,0.4,0.8,0.7,0.8,0.7,0.1,0.9,0.8,1.0,0.6,1.0,0.5,0.3,1.0,0.2,0.4,0.1,0.9,1.0,0.7,0.4,0.9,0.5,0.1,0.8,0.1,0.3,0.3,0.4,0.3,0.5,0.2,0.19840552896322633
2024-08-30,1.0,1.0,1.0,1.0,1.0,1.0,1.0,1.0,1.0,1.0,1.0,1.0,1.0,1.0,1.0,0.6,1.0,1.0,1.0,0.1,0.1,1.0,1.0,0.5,0.9,1.0,1.0,1.0,1.0,1.0,0.8,0.5,0.9,1.0,0.2,0.3,1.0,0.4,0.6,1.0,0.9,1.0,0.9,1.0,0.2,0.9,0.5,1.0,0.8,0.9,0.7,0.20084162025193236
2024-09-02,0.7,0.3,0.9,0.6,0.3,0.6,0.9,0.9,1.0,0.9,0.8,0.8,0.8,0.8,0.2,0.5,0.9,0.9,0.8,0.5,0.6,1.0,1.0,1.0,0.8,0.9,0.4,0.9,0.4,0.3,0.7,0.3,0.4,0.9,0.2,0.1,0.6,0.6,0.5,1.0,0.6,0.5,0.5,0.7,0.3,0.6,0.8,1.0,0.1,0.6,1.0,0.08751502770886375
2024-09-03,0.6,0.8,0.4,0.8,0.1,0.3,0.5,0.5,0.6,0.4,0.1,0.8,0.5,0.8,0.9,0.9,1.0,0.7,0.8,0.1,0.7,1.0,0.8,0.9,0.7,0.7,0.4,0.7,0.9,0.8,0.6,0.1,0.7,0.7,0.2,0.3,0.6,0.5,0.6,0.8,0.4,0.9,0.4,0.4,0.8,0.2,0.4,0.8,1.0,1.0,0.9,0.0692149056520566
2024-09-04,0.6,0.7,0.6,0.6,0.1,0.3,0.2,0.6,0.6,0.2,0.1,0.7,0.3,1.0,0.5,0.4,0.3,0.5,0.1,1.0,0.3,0.7,0.7,1.0,0.7,0.7,0.1,0.6,0.3,0.9,0.8,1.0,0.1,0.6,1.0,0.6,0.5,1.0,1.0,0.9,0.7,0.8,0.6,0.4,0.9,1.0,0.9,0.9,1.0,0.9,0.4,-0.1116909332724704
2024-09-05,0.9,0.2,0.4,0.6,0.8,0.4,0.5,0.5,0.8,0.1,0.6,0.5,0.5,0.2,0.1,0.2,0.2,0.4,0.1,0.1,0.3,0.5,0.6,0.2,0.3,0.6,0.3,0.4,0.9,0.5,1.0,0.2,0.1,0.8,0.1,0.6,0.6,0.5,0.7,0.2,0.5,0.2,0.1,0.4,0.9,0.7,0.3,0.7,1.0,0.8,0.8,-0.10692591961368386
2024-09-06,0.8,0.1,0.7,0.9,0.4,0.4,0.9,0.5,0.9,0.4,0.9,0.4,0.5,0.1,0.2,0.7,0.5,0.1,0.5,0.7,0.1,0.3,0.5,0.1,0.2,0.1,0.2,0.6,0.1,0.1,0.3,0.2,0.4,0.2,0.7,0.2,0.3,0.1,0.2,0.4,0.6,0.1,0.2,0.2,0.4,0.1,0.9,0.1,0.9,0.9,0.5,-0.02360852784328872
2024-09-09,0.7,0.2,0.2,0.7,0.4,0.1,0.5,0.3,0.2,0.1,0.2,0.9,0.7,0.7,0.3,0.4,0.2,0.5,0.4,0.4,0.8,0.5,0.3,0.2,1.0,0.3,0.2,0.9,0.2,0.1,0.8,0.2,0.8,0.1,0.7,0.9,0.8,0.3,0.4,1.0,0.1,0.1,0.4,0.2,0.7,0.7,0.6,0.3,0.8,0.9,0.5,0.18333861894487893
2024-09-10,0.8,0.5,0.4,0.4,0.8,0.6,0.6,1.0,0.8,0.6,0.1,0.2,0.9,0.1,0.4,0.7,0.2,0.7,0.5,0.5,0.8,0.6,0.6,0.6,0.1,1.0,0.7,0.3,1.0,0.5,0.4,0.3,0.7,0.6,0.4,1.0,0.8,0.7,0.2,0.2,0.9,0.6,0.9,0.5,0.4,0.5,0.8,0.6,0.5,0.7,0.3,-0.14888614353833649
2024-09-11,0.1,0.7,0.1,0.2,0.4,0.1,0.9,0.2,0.5,0.1,0.1,0.9,0.6,0.2,0.7,0.1,0.1,0.5,0.2,0.6,0.5,0.6,0.1,1.0,0.5,0.5,0.2,1.0,0.6,0.3,0.2,0.6,0.8,0.2,0.3,0.6,0.7,0.9,0.1,0.4,0.1,0.7,0.2,0.1,0.1,0.6,1.0,0.7,0.8,0.4,0.8,0.2770258520789586
2024-09-12,0.3,0.9,0.4,0.8,0.5,0.5,0.1,0.5,0.9,0.3,0.7,0.4,0.1,0.5,0.8,0.3,0.2,0.3,0.4,0.6,0.5,0.3,0.2,0.6,0.2,0.6,0.7,0.9,0.5,0.7,0.6,0.7,0.9,0.3,0.8,0.8,0.1,0.9,0.9,0.9,0.2,0.7,0.8,0.8,0.2,0.5,0.4,0.2,1.0,0.3,0.8,0.15987805981282202
2024-09-13,0.3,1.0,0.1,0.9,0.3,0.4,0.3,0.3,0.6,0.4,0.2,0.1,0.6,0.9,0.5,0.9,0.2,0.1,0.8,0.3,0.9,0.3,0.4,0.3,0.9,1.0,0.7,0.3,0.3,0.5,0.2,0.7,0.7,0.9,0.9,0.3,0.1,0.8,0.7,0.5,0.3,0.4,0.1,0.4,0.3,0.4,0.3,0.1,1.0,0.3,0.5,-0.15239286566952498
2024-09-18,0.2,0.3,0.3,0.1,0.4,0.3,0.5,0.2,0.5,1.0,0.8,0.3,0.1,0.5,0.8,0.4,0.4,0.2,0.9,0.8,0.2,0.1,0.3,0.4,0.6,0.1,0.3,0.4,0.1,0.5,0.5,0.9,0.4,1.0,0.8,0.1,0.2,0.6,0.4,1.0,0.9,0.5,1.0,1.0,0.3,0.1,0.1,0.2,1.0,0.4,0.5,-0.17475226557478613
2024-09-19,0.8,1.0,1.0,0.9,0.9,0.9,1.0,0.9,1.0,1.0,0.9,0.4,0.9,0.9,0.9,1.0,0.9,1.0,1.0,0.9,0.7,0.5,0.8,0.1,0.7,0.8,1.0,0.8,1.0,1.0,1.0,0.8,0.3,1.0,0.7,0.5,0.5,0.5,0.8,0.9,0.8,1.0,1.0,1.0,0.7,0.3,0.5,0.9,0.5,0.9,0.5,0.19336463461043318
2024-09-20,0.7,0.8,0.7,0.5,0.1,0.8,1.0,0.8,0.7,0.8,0.9,0.3,0.9,1.0,0.8,1.0,0.2,1.0,0.9,1.0,1.0,0.4,0.5,0.9,0.8,0.7,0.8,0.6,0.8,0.9,0.6,0.8,0.3,0.9,0.7,0.2,0.2,0.5,1.0,0.8,0.7,1.0,0.7,0.8,0.7,0.3,0.9,0.4,0.5,0.7,0.1,-0.03936275545941923
2024-09-23,0.6,0.9,0.9,0.7,0.8,0.3,0.7,0.6,0.2,0.6,0.5,0.6,0.7,0.7,1.0,1.0,0.9,0.9,0.7,0.6,0.9,0.1,0.3,0.8,1.0,0.7,0.3,0.8,0.9,0.6,0.7,0.1,0.7,0.7,0.7,0.1,0.5,0.2,1.0,0.7,0.5,0.9,0.4,0.5,0.7,0.7,1.0,0.7,0.2,0.5,0.1,0.011471110304151872
2024-09-24,1.0,0.9,1.0,1.0,1.0,1.0,1.0,1.0,0.7,1.0,1.0,0.9,1.0,0.8,0.8,1.0,1.0,1.0,1.0,0.5,0.8,0.9,1.0,1.0,0.6,1.0,1.0,0.9,1.0,1.0,0.8,1.0,1.0,1.0,0.4,0.5,1.0,0.3,1.0,0.8,1.0,1.0,1.0,1.0,0.9,1.0,1.0,1.0,0.5,0.8,1.0,0.6027268648639789
2024-09-25,1.0,1.0,0.9,0.9,1.0,1.0,0.9,1.0,0.8,1.0,1.0,0.8,0.9,0.4,0.3,0.9,0.9,0.9,0.8,0.8,0.9,0.7,0.9,1.0,0.9,0.7,1.0,0.8,1.0,0.8,1.0,0.4,0.9,1.0,0.7,0.5,1.0,0.3,0.4,0.9,1.0,1.0,0.9,0.9,1.0,1.0,0.9,1.0,0.3,0.9,1.0,0.2918768427292981
2024-09-26,0.9,0.9,1.0,1.0,1.0,0.8,0.7,1.0,0.6,0.9,0.9,0.7,0.8,0.5,0.3,1.0,1.0,1.0,0.8,0.7,0.9,0.8,0.9,0.8,0.8,0.7,1.0,1.0,1.0,0.9,0.8,0.7,0.9,1.0,0.8,0.6,1.0,0.4,0.4,0.6,1.0,0.9,0.9,1.0,0.5,0.9,1.0,0.9,1.0,1.0,0.8,0.3612067035633472
2024-09-27,0.8,1.0,1.0,0.7,0.9,0.7,0.5,0.7,0.9,1.0,0.7,0.3,0.4,0.1,0.3,0.2,1.0,1.0,1.0,1.0,0.6,1.0,1.0,0.7,0.2,0.4,1.0,0.7,1.0,0.6,0.2,0.2,0.7,0.9,0.1,0.6,0.7,0.8,0.2,0.3,1.0,0.7,1.0,1.0,0.9,1.0,1.0,1.0,0.2,0.8,0.6,-0.08009461521743161
2024-09-30,0.1,1.0,0.9,0.5,1.0,1.0,1.0,1.0,0.7,1.0,0.8,1.0,1.0,1.0,0.2,0.5,1.0,1.0,1.0,1.0,0.9,1.0,1.0,0.9,0.9,1.0,1.0,1.0,1.0,1.0,1.0,1.0,1.0,1.0,1.0,1.0,1.0,0.8,1.0,1.0,1.0,1.0,1.0,1.0,1.0,1.0,1.0,1.0,0.8,1.0,1.0,-0.35090017989355654
2024-10-08,0.1,1.0,0.8,0.1,1.0,1.0,0.9,1.0,0.8,0.9,0.7,1.0,1.0,1.0,1.0,0.4,1.0,1.0,1.0,0.9,0.8,0.9,0.9,1.0,0.9,0.9,0.9,1.0,1.0,0.9,1.0,0.5,0.9,1.0,0.9,0.6,1.0,0.9,1.0,1.0,1.0,1.0,1.0,1.0,0.8,0.8,1.0,0.9,1.0,1.0,1.0,-0.2587845528717713
2024-10-09,0.3,1.0,0.7,1.0,0.9,1.0,0.8,0.8,0.1,0.8,1.0,0.8,0.9,0.9,0.9,0.2,0.9,0.9,0.9,0.7,0.3,0.8,0.8,1.0,0.6,1.0,1.0,0.9,0.7,1.0,0.8,0.1,0.9,0.8,0.9,0.2,0.8,0.7,0.8,1.0,0.8,0.9,0.7,0.8,1.0,0.8,0.8,0.8,0.6,0.7,0.8,-0.31943841254387245
2024-10-10,1.0,0.7,0.5,0.9,0.6,0.9,0.7,0.7,0.3,0.7,0.9,0.8,0.8,0.3,0.8,0.2,0.7,0.6,0.7,0.8,1.0,0.6,0.9,0.6,0.6,0.9,0.8,0.7,0.8,0.9,0.7,0.6,0.8,0.7,0.7,0.2,0.6,1.0,0.8,0.5,0.5,0.8,0.7,0.6,0.7,0.6,0.6,0.8,0.2,0.1,0.9,-0.16814676835099396
2024-10-11,1.0,0.1,0.6,0.8,0.2,0.8,0.3,0.3,0.4,0.5,0.4,0.6,0.7,0.2,0.6,0.4,0.7,0.5,0.6,0.7,1.0,0.3,0.6,0.6,0.2,0.2,0.3,0.3,0.4,0.8,0.6,0.1,0.6,0.4,0.2,0.9,0.4,0.6,0.4,0.1,0.3,0.6,0.2,0.4,0.8,0.3,0.5,0.3,0.3,0.3,0.6,0.2957191013915248
2024-10-14,1.0,0.5,0.3,0.8,0.2,0.7,0.6,0.6,0.1,0.5,0.2,0.8,0.5,0.2,0.4,0.7,0.7,0.2,0.8,0.6,0.9,0.3,0.5,0.8,0.6,0.2,0.9,0.3,0.4,0.8,0.5,0.8,0.4,0.6,0.1,0.1,0.4,0.4,0.5,0.2,0.2,0.7,0.1,0.3,1.0,0.5,0.4,0.1,0.2,0.1,0.4,0.14417560844006402
2024-10-15,1.0,0.3,0.3,0.6,0.5,0.6,0.9,0.5,0.9,0.3,0.1,0.5,0.4,0.5,0.7,0.8,0.1,0.1,0.5,0.6,0.8,0.1,0.2,0.1,0.3,0.4,0.4,0.1,0.3,0.8,0.3,0.9,0.1,0.3,0.3,0.9,0.2,0.9,0.9,0.6,0.1,0.7,0.1,0.2,0.8,0.2,0.2,0.1,0.6,0.1,0.3,-0.1764664778205907
2024-10-16,0.9,0.5,0.1,0.8,0.5,0.5,0.6,0.5,0.6,0.1,0.3,0.6,0.3,0.3,0.7,1.0,0.1,0.1,0.3,0.5,0.8,0.1,0.1,0.6,0.5,0.4,0.3,0.1,0.2,0.4,0.6,0.4,0.2,0.7,0.1,0.4,0.3,0.5,0.9,0.6,0.2,0.4,0.1,0.1,0.2,0.2,0.2,0.3,0.2,0.2,0.2,-0.19550720391881407
2024-10-17,1.0,0.2,0.2,0.6,0.7,0.5,0.5,0.5,0.3,0.1,0.1,0.3,0.3,0.2,0.4,1.0,0.1,0.1,0.3,1.0,0.7,0.1,0.1,0.3,0.4,0.5,0.3,0.4,0.2,0.3,0.2,0.6,0.1,0.7,0.6,0.1,0.1,0.1,0.3,0.3,0.2,0.5,0.3,0.2,0.3,0.3,0.3,0.2,0.8,0.6,0.2,-0.0992563531465373
2024-10-18,0.8,0.7,0.8,1.0,0.7,0.9,0.7,0.8,0.8,0.4,0.5,0.7,0.6,0.5,0.7,1.0,0.4,0.5,0.7,0.2,0.8,0.7,0.8,0.3,0.6,0.8,0.5,0.6,0.6,1.0,0.6,0.9,0.5,0.5,0.4,0.5,0.6,0.1,0.7,0.7,0.6,0.9,0.6,0.6,0.2,0.5,0.4,0.6,0.5,0.6,0.6,0.040830503923737674
2024-10-21,0.9,0.4,0.2,0.5,0.8,0.9,0.8,0.2,0.5,0.5,0.3,0.8,0.5,0.1,0.2,0.8,0.6,0.5,0.9,0.1,0.3,0.7,0.8,0.1,0.7,0.7,0.4,0.4,0.4,1.0,0.6,0.6,0.5,0.1,0.2,0.1,0.1,0.1,0.2,0.3,0.8,0.6,0.7,0.5,0.1,0.5,0.3,0.6,0.3,0.4,0.5,0.03971208867112169
2024-10-22,0.5,0.2,0.1,0.4,0.7,0.6,0.6,0.2,1.0,0.3,0.1,0.1,0.5,0.9,0.7,0.9,0.4,0.5,0.5,0.1,0.2,0.5,0.3,0.3,0.2,0.5,0.2,0.1,0.3,0.7,0.5,0.8,0.1,0.1,0.4,0.5,0.1,0.1,0.3,0.9,0.7,1.0,0.5,0.3,0.4,0.1,0.1,0.9,0.1,0.1,0.5,0.06590232419007505
2024-10-23,0.5,0.3,0.3,0.8,0.2,0.3,0.7,0.3,0.6,0.3,0.7,0.2,0.6,0.6,0.4,0.6,0.4,1.0,0.9,0.1,0.2,0.8,0.2,0.6,0.3,0.7,0.4,0.4,0.2,0.6,0.9,0.1,0.5,0.1,0.1,0.2,0.7,0.1,0.1,1.0,0.7,0.7,0.7,0.6,0.5,0.6,0.1,0.8,0.2,0.7,0.9,-0.23469758911988722
2024-10-24,0.1,0.2,0.8,0.1,0.4,0.3,0.2,0.1,1.0,0.4,0.1,0.1,0.1,0.2,0.6,0.5,0.1,0.5,0.3,0.2,0.3,0.1,0.1,0.2,0.2,1.0,0.1,0.1,0.1,0.7,0.2,0.3,0.1,0.1,0.2,0.2,0.4,0.2,0.1,0.3,0.1,0.3,0.1,0.3,0.1,1.0,0.3,0.5,0.2,0.2,0.4,-0.03241362101212059
2024-10-25,0.1,0.3,0.4,0.3,0.1,0.6,0.6,0.2,1.0,0.8,0.3,0.1,0.3,0.6,0.4,0.4,0.5,1.0,0.3,0.2,0.1,1.0,0.1,0.5,0.1,0.7,0.2,0.6,0.1,0.6,0.3,0.2,0.2,0.4,0.1,0.2,0.4,0.3,0.2,0.1,0.3,0.8,0.6,0.4,0.4,0.7,0.4,0.6,0.1,0.8,0.8,0.041933820444154765
2024-10-28,0.1,0.2,0.2,0.1,0.2,0.3,0.2,0.1,0.8,0.9,0.1,0.1,0.5,1.0,0.4,1.0,0.2,0.9,0.4,0.2,0.1,0.5,0.3,0.9,0.1,0.1,0.2,0.2,0.1,0.3,0.2,0.4,0.4,0.7,0.4,0.8,0.1,0.4,1.0,0.9,0.6,0.4,1.0,0.9,0.2,0.1,0.1,0.9,0.7,1.0,1.0,-0.24474864615834394
2024-10-29,0.3,0.1,0.9,0.2,0.3,0.6,0.3,0.3,0.5,0.8,0.6,0.6,0.8,0.9,0.1,0.8,0.3,0.7,0.3,0.1,0.5,0.5,0.8,0.7,0.5,0.2,0.5,0.5,0.2,0.4,0.5,0.3,0.6,0.3,0.3,0.4,0.8,0.2,0.9,0.3,0.6,0.5,0.6,1.0,0.6,0.3,0.3,0.4,0.3,1.0,0.9,0.13757237134515748
2024-10-30,0.4,0.9,0.4,0.1,0.1,0.3,0.1,0.1,0.2,0.5,1.0,0.3,0.2,0.8,0.7,0.9,0.2,0.4,0.1,0.2,0.8,0.3,0.6,1.0,0.7,0.2,0.3,0.1,0.1,0.3,0.2,0.6,0.5,0.3,0.7,0.3,0.1,0.5,1.0,0.5,0.2,0.1,0.3,0.4,0.1,0.2,0.1,0.2,0.7,1.0,0.3,-0.2614998072431894
2024-10-31,0.9,0.7,0.7,0.9,0.2,0.7,0.3,0.4,0.1,0.7,0.8,0.7,0.8,0.6,0.2,0.6,0.3,0.1,0.1,0.7,0.9,0.3,0.8,0.8,0.2,0.4,0.7,0.3,0.6,0.4,0.1,0.4,0.8,0.9,1.0,0.6,0.2,0.7,0.6,0.5,0.3,0.6,0.1,0.1,0.2,0.6,0.3,1.0,0.6,0.5,0.2,0.052593356685970004
2024-11-01,0.8,0.8,0.3,0.5,0.3,0.3,0.2,0.3,0.6,0.5,0.7,0.9,0.5,0.5,0.3,0.2,0.4,0.1,0.2,0.9,0.7,0.7,0.5,0.9,0.9,0.4,0.9,0.4,0.7,0.3,1.0,0.7,0.7,0.7,0.8,0.3,0.1,0.9,0.2,0.1,0.5,0.4,0.3,0.6,0.8,0.7,0.6,0.1,0.7,0.4,0.7,-0.07995361098955231
2024-11-04,0.6,0.7,0.1,0.7,0.1,0.1,0.3,0.1,0.5,0.1,0.4,0.5,0.2,0.1,0.4,0.5,1.0,0.1,0.1,1.0,0.1,0.3,0.1,1.0,0.1,0.1,0.1,0.1,0.1,0.2,0.8,0.9,0.3,0.6,0.5,0.1,0.1,0.9,0.4,0.3,0.6,0.1,0.4,0.3,0.2,0.9,1.0,0.1,0.8,0.6,0.1,-0.052224208130290925
2024-11-05,1.0,1.0,1.0,1.0,0.4,1.0,0.7,1.0,0.3,0.5,0.9,0.9,0.7,0.1,0.1,0.1,1.0,0.9,0.9,0.8,0.4,0.9,0.9,0.8,0.4,0.7,0.8,1.0,0.9,0.7,0.9,0.5,0.8,0.8,0.4,0.1,0.9,0.2,0.1,0.4,0.7,0.3,0.4,0.9,0.6,0.7,1.0,0.5,1.0,1.0,0.8,0.0650611768345515
2024-11-06,1.0,0.7,0.5,1.0,1.0,0.9,0.6,1.0,1.0,0.5,0.8,0.9,0.8,1.0,1.0,0.5,0.9,0.6,0.9,1.0,0.3,0.9,1.0,0.6,0.6,0.8,1.0,0.7,0.3,0.6,0.9,1.0,0.7,0.9,1.0,1.0,1.0,1.0,1.0,0.9,0.7,0.3,0.9,0.9,0.7,0.4,1.0,0.6,1.0,1.0,0.5,0.1535987680982286
2024-11-07,0.9,0.7,0.8,1.0,1.0,0.5,0.8,0.9,1.0,0.5,1.0,1.0,0.4,1.0,0.9,0.8,0.7,0.7,1.0,1.0,0.9,0.7,0.7,0.8,1.0,0.9,0.9,0.7,1.0,0.6,0.7,1.0,0.9,1.0,1.0,0.6,0.9,1.0,0.6,0.8,1.0,0.5,0.9,1.0,0.5,0.5,0.9,0.8,0.9,0.9,1.0,-0.14476641109747507
2024-11-08,0.8,0.8,0.3,0.7,0.8,1.0,0.8,0.7,0.6,0.3,0.8,0.9,0.8,0.8,1.0,0.9,0.7,0.7,0.7,0.8,0.5,1.0,1.0,0.1,0.9,1.0,0.9,0.9,0.9,1.0,0.7,0.9,0.8,0.9,0.7,0.6,0.6,0.9,0.7,0.2,1.0,0.6,0.6,1.0,0.6,0.7,1.0,1.0,0.7,0.9,1.0,-0.06309747479072814
2024-11-11,0.6,0.4,0.2,0.5,0.6,0.9,0.4,0.6,0.8,0.2,0.4,0.3,1.0,0.7,0.6,0.2,0.7,0.9,0.6,0.7,0.2,1.0,1.0,0.2,0.5,1.0,0.6,0.3,0.6,1.0,0.4,0.7,0.2,0.6,0.6,0.1,0.5,0.7,0.5,0.8,0.8,0.3,0.2,0.8,0.4,0.1,0.3,0.7,0.6,0.4,0.4,-0.19550815472581576
2024-11-12,0.4,1.0,0.9,0.5,0.7,0.5,0.5,0.7,1.0,0.3,0.3,0.6,0.9,0.7,0.7,0.4,0.4,1.0,0.8,0.6,0.2,1.0,1.0,0.2,0.4,0.7,0.8,0.6,0.8,0.5,0.3,0.7,0.9,0.3,0.7,0.8,0.7,0.7,0.7,1.0,0.9,0.2,0.8,0.7,0.8,0.2,0.7,0.7,0.2,0.1,0.5,-0.1706148466507023
2024-11-13,0.4,0.1,0.3,0.4,0.9,0.2,0.6,0.5,0.6,0.1,0.2,0.2,0.2,0.6,0.6,0.4,0.3,0.4,0.4,0.5,0.3,1.0,0.5,0.2,0.4,0.8,0.2,0.3,0.3,0.3,0.2,0.5,0.2,0.1,0.3,0.6,0.4,0.6,0.8,0.9,0.8,0.2,0.2,0.4,0.7,0.3,0.1,0.3,0.2,0.2,0.1,0.08295825123927117
2024-11-14,0.3,0.1,0.6,0.4,0.4,0.2,0.4,0.3,0.9,0.6,0.3,0.8,0.2,0.5,0.6,0.2,0.2,0.6,0.5,0.5,0.1,0.4,0.2,0.1,0.7,0.3,0.2,0.3,0.2,0.1,0.2,0.5,0.2,0.5,0.1,0.4,0.7,0.6,0.4,0.5,0.5,0.1,0.1,0.4,0.2,0.1,0.2,0.4,0.1,0.1,0.2,-0.09645708259068304
2024-11-15,0.5,0.3,0.7,0.2,0.8,0.4,0.4,0.2,0.5,0.4,0.6,1.0,0.5,0.5,0.4,0.2,0.2,0.2,0.5,0.2,0.4,0.4,0.3,0.6,0.7,0.5,0.2,0.6,0.5,0.3,0.1,0.2,0.3,0.3,0.1,0.1,0.4,0.5,0.3,0.5,0.1,1.0,0.7,0.3,0.3,0.5,0.2,0.2,0.2,0.7,0.8,-0.23902190929264122
2024-11-18,0.5,0.1,0.6,0.1,0.6,0.4,0.1,0.2,0.5,1.0,0.3,1.0,0.2,0.2,0.3,0.7,0.3,0.2,0.1,0.5,0.9,0.4,0.3,0.6,0.1,0.1,0.4,0.4,0.1,0.3,0.3,0.3,1.0,0.3,0.4,0.1,0.3,0.4,0.2,0.8,0.1,0.5,0.7,0.1,0.5,0.6,0.2,0.7,0.3,0.2,0.9,0.054644082735962524
2024-11-19,0.7,0.1,0.7,0.1,0.1,0.5,0.1,0.1,0.6,0.3,0.2,0.5,0.2,0.1,0.1,0.8,0.5,0.1,0.3,0.9,0.1,0.6,0.1,0.4,0.8,0.1,0.1,0.4,0.3,0.7,0.2,0.2,0.5,0.5,0.4,0.5,0.4,0.9,0.2,1.0,0.6,0.3,0.4,0.2,0.8,0.2,0.4,0.1,0.5,0.2,0.6,0.21531894229112059
2024-11-20,0.4,0.6,0.5,0.1,0.4,0.1,0.3,0.2,0.4,0.4,0.1,0.1,0.1,0.1,0.2,1.0,1.0,0.9,0.1,0.2,0.2,0.2,0.1,0.3,1.0,0.4,0.4,0.4,0.4,0.2,0.5,0.5,0.2,0.1,0.5,0.4,0.1,0.5,0.3,0.9,0.1,0.2,0.1,0.1,0.4,0.1,0.1,0.1,0.3,0.6,0.3,0.20488729384910145
2024-11-21,0.6,0.7,0.1,0.1,0.1,0.4,0.3,0.1,0.2,0.4,0.2,0.4,0.1,0.3,0.4,0.7,0.9,0.1,0.1,0.1,0.1,0.1,0.1,0.2,0.7,0.1,0.6,0.1,0.1,0.6,0.5,0.4,0.7,0.1,0.8,0.4,0.1,0.1,0.4,1.0,0.1,0.1,0.3,0.1,0.5,0.1,0.1,0.3,0.2,0.1,0.3,0.17548241670054723
2024-11-22,0.6,0.2,0.3,0.2,0.3,0.3,0.1,0.5,0.1,0.7,0.6,0.4,0.2,0.2,0.6,1.0,0.6,0.3,0.4,0.1,0.4,0.1,0.3,0.3,0.9,0.1,0.7,0.6,0.2,0.2,0.1,1.0,0.8,0.3,1.0,1.0,0.3,0.6,0.4,0.9,0.5,0.2,0.7,0.5,0.6,0.4,0.5,0.4,1.0,0.9,0.5,-0.15381152945593493
2024-11-25,0.4,0.5,0.4,0.1,0.3,0.1,0.1,0.2,1.0,0.2,0.6,0.2,0.3,0.8,0.9,0.9,0.5,0.1,0.3,1.0,0.2,0.5,0.6,0.4,0.4,0.4,0.1,0.2,0.7,0.1,0.2,1.0,0.8,0.4,0.7,1.0,0.3,0.9,1.0,0.9,0.6,0.5,0.1,0.2,1.0,0.5,0.5,0.4,1.0,0.4,0.1,-0.21656415072760338
2024-11-26,0.1,0.1,0.4,0.1,0.3,0.1,0.2,0.1,1.0,0.2,0.1,0.3,0.2,0.6,1.0,0.3,0.8,0.1,0.1,1.0,0.4,0.3,0.2,0.1,1.0,0.1,0.4,0.1,0.1,0.1,0.1,1.0,0.8,0.2,0.6,0.7,0.1,1.0,0.8,0.5,0.6,0.1,0.1,0.1,1.0,0.3,0.1,0.1,1.0,0.8,0.1,-0.40127370740861573
2024-11-27,0.9,0.5,0.7,0.5,0.7,0.7,0.3,0.4,1.0,0.9,0.8,0.6,0.6,0.7,0.4,0.7,0.5,0.5,0.5,1.0,0.2,0.3,1.0,0.1,0.1,0.4,0.5,0.4,0.5,0.9,0.4,1.0,1.0,0.5,1.0,0.7,0.6,1.0,0.5,0.9,0.3,0.7,0.6,0.5,1.0,0.1,1.0,0.2,0.7,0.5,0.3,-0.15956676890608212
2024-11-28,0.7,0.7,0.1,0.1,0.8,0.4,0.9,0.2,1.0,0.9,0.4,0.1,0.2,0.8,0.8,0.7,0.6,0.1,0.2,0.9,0.1,1.0,1.0,0.2,0.2,0.3,0.5,0.3,0.2,0.6,0.2,0.7,0.1,0.5,0.8,0.9,0.2,0.9,0.9,1.0,0.9,0.4,0.1,0.5,1.0,0.1,0.9,0.1,0.5,0.1,0.2,-0.1844518687120913
2024-11-29,1.0,0.7,0.2,1.0,0.5,1.0,1.0,0.9,0.9,0.7,1.0,0.5,0.8,0.9,0.3,0.6,1.0,0.6,0.6,1.0,0.9,0.9,0.6,0.7,0.3,0.4,0.8,0.6,0.7,0.9,0.5,0.6,0.3,0.7,0.1,0.7,0.7,0.9,0.7,1.0,0.3,0.8,0.5,1.0,1.0,0.7,0.7,0.5,0.5,0.3,0.3,-0.09642535877457398
2024-12-02,0.8,0.1,1.0,0.9,0.5,0.3,0.7,0.7,0.8,0.9,0.9,0.2,0.3,0.6,0.6,0.2,1.0,0.4,0.2,0.7,0.9,0.1,0.9,0.8,0.3,0.9,0.6,0.6,1.0,0.5,0.6,0.4,0.6,0.9,0.2,0.9,0.8,0.7,0.4,0.8,0.9,0.7,0.6,1.0,0.5,1.0,0.9,0.3,0.3,0.9,0.4,-0.06463194177107401
2024-12-03,0.9,1.0,1.0,0.7,0.1,0.3,0.7,0.5,0.5,0.8,0.6,1.0,0.9,0.9,0.6,0.2,0.8,0.3,0.2,0.6,0.8,0.1,0.4,1.0,0.2,0.7,0.7,0.3,0.5,0.3,0.8,0.3,1.0,0.9,0.2,1.0,0.8,0.5,1.0,0.8,0.4,0.5,1.0,0.9,0.5,0.8,0.9,1.0,0.3,1.0,0.5,-0.0853842500921532
2024-12-04,0.8,0.3,0.8,0.2,0.3,0.9,0.3,0.3,0.5,0.5,0.1,0.9,0.1,0.6,0.6,0.1,0.9,0.2,0.2,0.5,1.0,0.7,0.2,0.9,0.4,0.3,0.2,0.2,0.3,0.7,0.8,0.2,1.0,0.7,0.4,0.7,0.7,0.3,0.5,0.6,0.5,0.3,0.2,0.3,0.3,1.0,1.0,0.6,0.6,1.0,1.0,-0.2817807675619498
2024-12-05,0.9,0.1,0.4,0.5,0.9,0.2,0.2,0.2,0.3,0.5,0.3,0.2,0.3,0.6,0.1,0.2,0.8,0.1,0.3,0.2,0.6,0.1,0.2,1.0,0.1,0.2,0.7,0.1,0.1,0.2,0.2,0.5,0.9,0.1,0.7,0.4,0.3,0.1,0.8,0.5,0.1,0.1,0.1,0.2,0.5,0.8,0.2,0.1,0.8,0.8,0.3,-0.19957739414356568
2024-12-06,0.9,0.5,0.6,0.9,1.0,0.7,1.0,1.0,0.1,0.5,1.0,0.9,0.9,0.7,0.5,0.3,0.8,1.0,0.9,0.1,0.9,0.5,0.9,0.7,0.4,0.5,0.9,0.7,0.8,0.5,1.0,0.4,1.0,0.4,0.6,0.8,0.8,0.2,0.7,0.2,0.9,0.7,0.6,0.8,0.8,1.0,0.4,0.8,0.3,0.7,0.9,-0.18006145010596714
2024-12-09,0.4,0.9,0.5,0.2,0.2,0.3,0.4,0.9,0.1,0.4,0.5,0.4,0.4,0.1,0.6,0.3,0.7,1.0,0.2,0.3,0.7,0.3,0.5,0.8,0.9,0.3,0.7,0.4,0.5,0.3,0.6,0.2,0.9,0.8,0.5,0.6,1.0,0.1,1.0,0.2,0.4,0.4,0.2,0.6,0.6,0.8,0.1,0.4,1.0,0.7,0.8,-0.24595217491772953
2024-12-10,1.0,0.9,0.7,0.9,0.7,1.0,1.0,1.0,0.1,1.0,1.0,1.0,1.0,0.2,0.4,0.5,0.9,1.0,0.9,0.3,1.0,0.5,1.0,0.6,0.9,0.8,1.0,1.0,1.0,0.6,1.0,0.6,0.9,1.0,1.0,0.5,1.0,0.5,0.6,0.2,1.0,1.0,0.9,1.0,0.9,1.0,0.5,1.0,1.0,0.7,0.9,-0.4073645356357358
2024-12-11,0.2,0.4,1.0,0.4,0.1,0.2,0.5,0.4,0.1,0.6,0.7,0.3,0.7,0.1,0.1,0.9,0.8,0.2,0.1,0.6,0.6,0.6,0.6,0.5,0.9,0.9,0.8,0.2,0.8,0.1,0.5,0.1,0.4,1.0,0.7,0.1,0.9,0.3,0.8,0.1,0.9,0.1,1.0,0.9,0.8,0.4,0.3,0.3,0.7,0.6,0.6,-0.25606573958139384
2024-12-12,0.3,0.5,0.2,0.9,0.4,0.2,0.8,0.8,0.1,1.0,1.0,0.6,0.1,0.4,1.0,0.3,0.5,0.4,1.0,0.5,0.7,0.2,0.9,0.1,0.7,0.8,0.9,0.2,1.0,0.3,0.3,0.8,0.4,0.2,0.9,0.6,0.9,0.5,0.4,0.5,0.9,0.5,1.0,0.9,1.0,0.5,0.3,0.2,0.9,0.3,0.1,-0.15196765301757698
2024-12-13,0.3,0.7,0.6,0.5,0.9,0.5,0.3,0.6,0.1,1.0,0.8,0.6,0.5,0.3,1.0,0.4,0.1,0.7,0.7,0.1,1.0,0.4,0.8,0.7,1.0,0.1,0.1,0.9,0.9,0.2,0.4,0.7,0.3,0.5,1.0,0.2,0.9,0.6,0.1,0.2,0.8,0.2,0.6,0.8,0.7,0.3,0.2,0.9,0.6,0.3,0.4,-0.15633600282056015
2024-12-16,0.1,0.6,0.4,0.2,0.6,0.1,0.1,0.1,0.2,1.0,0.2,0.2,0.1,0.2,0.2,0.6,0.1,0.6,0.4,0.2,0.7,0.1,0.5,0.9,0.7,0.1,0.3,0.2,0.7,0.1,0.2,1.0,0.4,0.1,0.8,0.2,0.6,0.5,0.1,0.3,0.7,0.6,0.2,0.6,0.9,0.4,0.3,0.9,0.4,0.3,0.1,-0.09264068681633053
2024-12-17,0.1,0.7,0.3,0.6,0.6,0.1,0.7,0.1,1.0,1.0,0.5,0.2,0.7,0.7,0.3,1.0,0.3,0.3,0.3,0.6,0.6,0.8,0.6,0.9,0.4,1.0,0.8,0.8,0.7,0.2,0.1,1.0,0.7,0.3,1.0,0.3,0.7,1.0,0.5,0.4,0.7,0.3,0.5,0.4,0.3,0.7,0.1,0.8,0.6,0.4,0.1,0.06692955294382191
2024-12-18,0.3,0.7,0.1,0.1,0.2,0.8,0.5,0.2,1.0,0.9,0.1,0.7,0.9,0.4,0.5,0.9,0.5,0.4,0.1,0.4,0.9,0.7,0.7,1.0,0.3,0.6,0.9,0.6,0.5,0.8,0.4,1.0,0.6,0.4,0.8,0.1,0.2,0.8,0.2,0.3,0.3,0.5,0.4,0.2,0.8,0.8,0.3,0.6,0.8,0.7,0.5,0.3431807286954949
2024-12-19,0.1,0.1,0.2,0.2,0.2,0.8,0.2,0.1,0.9,0.8,0.2,0.7,0.3,0.9,1.0,1.0,0.3,0.2,0.5,0.5,0.6,0.1,0.8,0.9,0.3,1.0,0.8,0.5,0.3,0.8,0.2,0.9,0.6,0.2,1.0,0.3,0.7,0.9,0.9,0.5,0.2,0.1,0.6,0.4,0.4,0.8,0.4,0.5,1.0,0.4,0.4,0.5790815148877063
2024-12-20,0.4,0.8,0.3,0.5,0.1,0.9,0.5,0.3,0.7,0.5,0.4,0.4,0.7,0.9,1.0,1.0,0.8,0.1,0.7,0.1,0.3,0.2,0.3,0.1,0.4,0.9,0.4,0.4,0.4,1.0,0.5,1.0,0.5,0.1,0.7,0.3,0.1,0.7,0.4,0.5,0.1,0.1,0.1,0.2,0.6,0.9,0.4,0.4,1.0,1.0,0.8,0.31950056600977317
2024-12-23,0.5,0.1,0.6,0.1,0.9,0.8,0.4,0.3,0.6,0.9,0.4,1.0,0.9,1.0,0.9,0.7,0.7,0.6,0.3,0.2,0.9,1.0,0.2,0.4,0.1,0.8,0.1,0.8,0.1,0.4,0.7,0.7,0.4,0.7,0.9,1.0,0.3,0.8,0.6,0.4,0.2,0.6,0.3,0.5,0.1,0.8,0.2,0.8,1.0,0.6,0.8,0.12412026213048186
2024-12-24,0.7,0.5,0.9,0.3,0.6,0.7,0.5,0.7,0.6,0.2,0.7,0.9,1.0,0.6,0.5,0.5,0.2,0.4,0.6,0.3,0.8,0.2,0.4,0.8,0.3,0.3,0.1,0.5,0.3,0.6,1.0,0.6,0.5,0.6,0.9,0.8,0.4,0.5,0.3,0.1,0.4,0.2,0.2,0.4,0.2,0.8,0.2,0.8,0.9,0.1,1.0,0.13080446496013354
2024-12-25,0.5,0.1,0.9,0.1,0.6,0.4,0.1,0.1,0.6,1.0,0.8,1.0,0.5,0.4,0.5,0.2,0.3,0.9,0.3,0.1,1.0,0.6,0.2,0.6,0.1,0.7,0.1,0.4,0.1,0.3,0.9,0.1,0.4,0.9,0.9,0.2,0.9,0.4,0.1,0.1,0.3,0.1,0.6,0.1,0.3,0.1,0.2,0.8,0.8,0.2,0.8,-0.26683155397221686
2024-12-26,0.1,0.1,0.4,0.1,0.1,0.5,0.2,0.1,1.0,0.9,0.5,0.7,0.5,0.1,0.4,0.1,0.6,0.8,1.0,0.1,0.3,0.1,0.2,0.3,0.6,1.0,0.2,0.1,0.1,0.4,0.1,0.1,0.2,0.1,1.0,0.9,0.2,0.4,0.1,0.1,0.7,0.1,0.1,0.2,0.3,0.2,0.3,0.4,0.7,0.8,0.4,-0.08149400923796526
2024-12-27,1.0,0.3,0.8,1.0,0.6,0.7,1.0,1.0,0.8,0.5,1.0,1.0,0.4,0.8,0.8,0.2,1.0,0.8,1.0,0.1,1.0,0.9,1.0,0.2,1.0,1.0,0.7,0.7,0.8,0.4,0.7,0.1,0.6,0.9,0.6,1.0,0.2,0.1,0.5,0.2,0.7,0.6,1.0,0.7,0.1,1.0,0.5,0.5,0.6,0.9,0.3,-0.407413779240775
2024-12-30,0.4,1.0,0.4,0.7,0.1,0.2,0.3,0.4,0.6,0.9,1.0,1.0,0.4,0.3,0.5,0.2,0.1,0.9,0.7,0.2,0.7,1.0,0.1,0.9,0.9,0.8,0.4,0.8,0.4,0.1,0.3,0.1,0.4,0.7,0.1,0.9,1.0,0.2,0.9,0.5,0.9,0.2,0.8,0.4,0.8,1.0,1.0,0.6,0.5,0.2,0.6,-0.12450744674303978
2024-12-31,0.9,0.3,1.0,0.9,0.6,0.2,0.3,0.5,0.4,0.6,1.0,0.9,0.2,0.3,0.1,0.4,0.5,1.0,0.8,0.3,0.4,0.5,0.8,1.0,0.5,0.9,0.7,0.9,0.3,0.1,0.9,0.4,0.8,0.4,0.8,0.8,0.8,0.2,0.6,0.4,0.7,0.1,0.8,0.9,0.5,0.8,0.9,0.9,0.8,0.4,0.7,-0.35025602252292326
2025-01-02,1.0,0.5,1.0,0.9,1.0,0.5,0.8,0.9,0.2,0.9,0.6,0.6,0.2,0.8,0.8,0.7,0.7,0.9,0.9,0.4,0.5,0.7,1.0,0.9,1.0,0.2,0.6,1.0,0.3,0.1,0.8,0.9,1.0,0.8,0.3,0.8,1.0,1.0,0.9,0.7,0.9,0.4,0.9,1.0,0.7,0.9,1.0,0.8,1.0,0.8,0.7,-0.17962952935069515
2025-01-03,0.7,0.8,1.0,0.9,0.8,0.4,0.9,0.7,0.1,0.8,0.4,0.5,0.7,0.8,0.9,0.6,0.2,0.7,0.7,0.8,0.4,0.7,0.8,0.9,0.9,0.3,0.6,0.9,0.4,0.4,0.9,0.6,0.9,1.0,0.3,0.8,0.6,0.9,0.7,0.7,0.4,0.6,0.9,0.3,0.8,0.3,0.9,0.2,1.0,0.9,0.9,-0.0032573406762720566
2025-01-06,0.3,0.8,0.9,0.7,0.3,0.1,0.5,0.3,1.0,0.6,0.1,0.3,0.1,0.3,0.6,0.7,0.1,0.3,0.7,1.0,0.1,0.5,0.3,0.1,0.7,0.2,0.4,0.8,0.5,0.3,1.0,0.7,0.8,0.6,1.0,0.7,0.7,0.8,1.0,1.0,0.1,0.2,0.3,0.5,0.4,0.4,0.7,0.1,0.9,0.6,0.4,0.11233422398044997
2025-01-07,0.4,0.6,0.3,0.7,0.4,1.0,1.0,0.3,1.0,0.5,0.4,0.3,0.1,1.0,1.0,0.5,0.2,0.9,0.6,1.0,0.2,0.7,0.8,0.1,0.8,0.6,0.8,0.8,0.8,1.0,0.6,1.0,0.2,0.3,1.0,0.8,0.4,1.0,1.0,1.0,0.1,0.5,0.3,0.2,0.5,0.5,0.8,0.1,0.8,0.6,0.2,0.05232529280839252
2025-01-08,0.6,0.3,0.8,0.7,0.5,0.9,0.6,0.8,1.0,0.3,0.4,0.2,0.3,1.0,1.0,0.4,0.9,0.6,0.3,0.9,0.1,0.2,1.0,1.0,0.5,0.3,0.7,0.9,0.4,1.0,0.7,0.5,0.3,0.2,0.9,0.7,0.5,0.9,1.0,0.9,0.1,0.2,0.5,0.2,0.6,0.3,0.4,0.4,0.6,0.2,0.4,-0.06722988801581171
2025-01-09,0.1,0.6,0.5,0.2,0.3,0.3,0.6,0.5,0.9,0.2,0.1,0.1,0.1,1.0,1.0,0.8,0.5,0.1,0.5,0.8,0.1,0.4,0.4,0.5,0.3,0.1,0.2,0.4,0.6,0.9,0.4,0.1,0.2,0.2,0.6,0.5,0.3,0.8,1.0,0.9,0.1,0.1,0.1,0.1,0.1,0.1,0.6,0.1,0.5,0.3,0.1,-0.09724655461106925
2025-01-10,0.2,0.2,0.1,0.2,0.3,0.9,0.5,0.5,0.85,0.1,0.2,0.2,0.2,1.0,0.95,0.6,0.8,0.2,0.5,0.75,0.1,0.1,0.4,0.4,0.8,0.2,0.8,0.5,0.3,1.0,0.5,0.8,0.3,0.2,0.7,1.0,0.3,1.0,1.0,1.0,0.2,0.3,0.3,0.6,0.2,0.2,0.2,0.1,1.0,0.4,0.1,-0.07821973266597196
2025-01-13,0.3,0.1,0.1,0.3,0.2,0.1,0.1,0.3,1.0,0.1,0.5,0.3,0.5,0.9,0.8,0.8,0.7,0.1,0.1,0.6,0.2,0.1,0.1,0.2,0.5,0.1,0.1,0.6,0.1,0.6,1.0,0.5,0.5,0.9,0.5,0.9,0.3,0.8,0.9,0.9,0.1,0.3,0.2,0.2,0.7,0.3,1.0,0.1,0.9,1.0,0.1,-0.18564973793807346
2025-01-14,1.0,0.8,0.9,1.0,0.8,1.0,1.0,1.0,0.5,0.9,1.0,0.4,1.0,0.9,1.0,0.6,1.0,0.5,0.2,0.5,0.7,0.9,0.5,0.4,0.3,0.6,1.0,1.0,1.0,0.9,0.8,0.6,0.1,0.6,0.6,0.5,1.0,0.9,0.8,0.4,0.8,1.0,0.6,0.5,0.8,0.5,0.4,0.2,0.8,0.9,0.4,0.31423139429422015
2025-01-15,0.7,0.1,0.3,0.1,0.9,0.4,0.9,0.1,0.3,0.4,0.3,0.4,0.2,0.9,0.95,0.2,0.9,0.1,0.2,0.3,0.2,0.4,0.3,0.1,0.5,0.1,0.9,0.1,0.1,0.7,0.6,0.2,0.1,0.5,0.1,0.4,0.2,0.5,0.6,0.2,0.5,0.5,0.1,0.1,1.0,0.2,0.9,0.9,0.6,0.3,0.1,0.07630911508478251
2025-01-16,0.9,0.8,0.5,0.7,0.7,1.0,0.9,1.0,0.8,0.5,0.4,0.6,0.4,0.6,0.8,0.4,0.9,0.5,0.3,0.5,0.5,1.0,0.5,0.7,0.2,1.0,1.0,0.1,0.3,0.7,0.9,0.7,0.1,0.5,0.6,0.8,0.6,0.6,1.0,0.4,0.4,0.8,0.3,0.3,1.0,0.7,0.8,1.0,0.7,0.5,0.9,0.11110412356352617
2025-01-17,0.8,1.0,0.3,0.5,0.1,0.5,0.7,0.9,0.75,0.2,0.9,0.1,0.4,0.4,0.75,0.7,0.6,0.5,0.5,0.5,1.0,0.9,0.9,0.7,0.1,0.7,0.9,0.1,0.4,1.0,0.1,0.3,0.2,1.0,0.2,0.9,0.9,0.4,0.8,0.4,0.9,0.8,0.3,0.6,0.8,1.0,0.6,0.1,0.5,0.7,0.3,0.10933579265847755
2025-01-20,0.6,0.9,0.3,0.6,0.3,0.2,0.6,0.6,0.2,0.4,0.5,0.4,0.3,0.9,0.8,1.0,0.6,1.0,0.2,0.2,1.0,0.6,0.9,0.4,0.9,0.5,0.8,0.3,0.8,0.2,0.7,0.4,0.2,0.8,0.3,0.7,0.6,0.1,0.6,0.5,0.9,1.0,0.3,0.3,0.7,0.2,0.7,0.9,0.2,0.7,0.6,0.4157391482489438
2025-01-21,0.5,0.7,0.5,0.3,0.6,0.5,0.5,0.5,0.3,0.7,0.2,0.1,0.5,0.4,0.75,0.7,0.9,0.6,0.2,0.2,0.8,0.5,0.9,0.4,0.2,0.5,0.7,0.1,0.3,0.4,0.2,0.2,0.3,1.0,1.0,0.3,0.7,0.2,0.8,0.7,0.1,0.6,0.4,0.3,0.5,0.2,0.2,0.9,0.4,0.9,0.8,0.22702402890885615
2025-01-22,0.4,0.6,0.7,0.1,0.7,0.1,0.4,0.2,0.35,0.2,0.7,0.4,0.2,0.6,0.1,1.0,0.6,0.5,0.1,0.1,0.6,0.1,0.3,0.3,0.6,0.9,0.7,0.5,0.2,0.3,0.1,0.6,0.9,0.6,0.5,0.8,0.6,0.3,1.0,0.9,0.7,0.6,0.5,0.6,0.3,0.3,0.3,0.4,0.5,0.6,0.9,-0.1583280490443021
2025-01-23,1.0,0.4,0.9,0.9,0.6,0.6,0.4,1.0,0.2,0.3,0.9,1.0,0.9,0.55,0.1,0.1,0.9,0.5,0.5,1.0,1.0,0.6,0.9,1.0,0.1,0.6,0.5,0.9,0.8,0.7,0.2,0.6,0.7,0.9,0.7,0.9,0.6,0.9,0.95,0.9,0.9,0.7,0.7,0.7,0.2,0.7,0.6,0.6,0.9,0.3,0.9,-0.19737670475401425
2025-01-24,0.8,0.9,0.9,0.8,0.8,0.3,0.3,0.6,0.25,0.5,0.6,0.8,0.6,0.1,0.15,1.0,0.7,0.6,0.2,0.95,0.8,0.3,0.6,0.6,0.1,0.2,1.0,0.5,0.7,0.2,0.3,0.7,0.8,0.4,0.2,0.8,0.7,1.0,0.3,0.7,0.6,1.0,0.9,0.2,0.2,0.1,0.2,0.7,0.95,0.7,1.0,0.1485709367125498
2025-01-27,0.2,0.9,0.9,0.1,0.4,0.2,0.1,0.5,0.1,0.2,0.4,0.3,0.4,0.1,0.1,0.9,0.3,0.3,0.3,0.8,0.5,0.1,0.5,0.2,0.9,0.8,1.0,0.3,0.6,0.1,0.1,0.2,0.7,0.1,0.4,0.1,0.1,0.9,0.5,0.6,1.0,1.0,0.9,0.4,0.4,0.4,0.5,0.8,0.3,0.2,0.3,-0.09468347298321818
2025-02-05,0.8,0.2,0.4,0.2,1.0,0.7,0.5,0.4,0.3,0.1,0.2,0.3,0.9,0.6,0.5,1.0,0.9,0.2,0.4,0.8,0.9,0.4,0.6,0.7,1.0,1.0,0.9,0.9,0.6,0.3,0.6,0.4,1.0,0.2,0.1,0.1,0.1,0.6,0.5,0.1,1.0,1.0,0.3,1.0,0.4,0.1,0.5,1.0,0.3,0.9,0.3,0.01203092741806652
2025-02-06,0.6,0.7,0.8,0.5,0.9,0.7,0.9,0.3,0.3,0.6,0.6,0.4,0.9,0.3,0.6,0.6,1.0,0.7,1.0,0.3,1.0,1.0,1.0,0.7,0.8,0.7,0.7,0.7,1.0,0.7,0.7,0.1,0.9,0.2,0.2,0.2,0.3,0.4,0.5,0.5,0.2,0.95,1.0,1.0,0.1,0.7,1.0,0.3,0.2,0.8,0.6,0.24899967026249303
2025-02-07,0.9,1.0,1.0,0.9,0.9,0.8,1.0,0.8,0.1,1.0,0.9,1.0,1.0,0.2,0.6,0.3,1.0,1.0,1.0,0.1,1.0,0.9,0.9,0.9,0.5,1.0,1.0,0.9,1.0,0.6,1.0,0.1,1.0,1.0,0.2,0.1,1.0,0.2,0.4,0.2,0.9,0.7,1.0,1.0,1.0,0.8,1.0,0.9,0.1,0.7,0.9,0.15583269629493318
2025-02-10,0.7,0.6,0.5,0.4,0.7,0.5,0.9,0.8,0.3,0.4,0.7,0.8,0.7,0.1,0.4,0.9,0.9,0.8,0.8,0.1,0.7,1.0,1.0,0.8,0.4,0.8,0.7,0.4,0.8,0.2,0.8,0.2,0.4,0.7,0.4,0.1,0.3,0.1,0.1,0.3,0.8,0.8,1.0,0.9,1.0,0.6,0.8,0.9,0.1,0.8,0.5,0.027398863291130948
2025-02-11,0.4,0.5,0.6,0.4,0.6,0.1,0.8,0.6,0.1,0.8,0.4,0.3,0.2,0.4,0.4,1.0,0.5,0.8,0.6,0.2,0.7,0.7,0.4,0.8,0.9,0.2,0.7,0.1,0.3,0.1,0.8,0.1,0.9,0.2,0.1,0.2,0.4,0.1,0.7,0.3,0.3,0.7,0.6,0.9,0.8,0.1,0.7,0.7,0.8,0.5,0.1,0.012861256786015894
2025-02-12,0.6,0.6,0.2,0.7,0.9,0.6,0.8,0.6,0.1,0.9,0.8,0.7,0.6,0.2,0.6,0.9,0.5,0.8,0.7,0.1,0.8,0.8,0.7,0.5,0.8,0.3,0.5,0.2,0.8,0.6,0.9,0.2,0.7,0.9,0.1,0.1,0.8,0.2,0.6,0.3,0.1,1.0,0.7,0.6,0.7,1.0,0.6,0.6,0.6,0.8,0.1,-0.04210418000116173
2025-02-13,0.7,0.5,0.3,0.8,0.4,0.4,0.8,0.9,0.6,0.4,0.8,0.5,0.3,0.1,0.7,0.7,0.4,0.6,0.5,0.1,0.4,0.6,0.9,0.9,0.5,0.5,0.2,0.2,1.0,0.3,0.9,0.2,0.5,0.8,0.2,0.3,0.6,0.3,0.1,0.2,0.5,0.5,1.0,1.0,0.1,1.0,0.7,0.6,0.5,0.1,1.0,-0.26123871521545394
2025-02-14,0.4,1.0,0.4,0.7,1.0,0.1,0.5,0.9,0.2,0.8,0.8,0.1,0.9,0.3,0.9,0.8,0.6,0.9,0.6,0.6,0.6,0.5,0.5,0.6,0.6,0.3,0.1,0.5,0.9,0.1,1.0,0.5,0.7,1.0,0.7,0.2,0.9,0.7,0.1,0.3,0.6,0.2,0.7,0.8,0.9,0.9,0.9,0.7,1.0,0.3,0.8,-0.22787782745115198
2025-02-17,0.5,1.0,0.5,0.8,1.0,0.4,0.4,1.0,0.2,0.3,0.6,0.5,0.3,0.1,0.6,0.8,0.7,1.0,0.5,0.2,0.2,0.8,0.5,0.7,0.8,0.8,0.2,0.5,0.9,0.2,0.8,0.4,0.6,0.5,0.4,0.4,0.3,0.1,0.1,1.0,0.6,0.1,0.9,0.8,0.6,0.7,0.3,1.0,0.8,0.3,0.9,-0.17987414017458872
2025-02-18,0.4,0.8,0.1,0.5,0.3,0.3,0.5,0.6,0.3,0.8,0.5,0.9,0.2,1.0,0.8,0.8,0.7,1.0,0.8,0.7,0.2,0.6,0.1,1.0,0.1,0.5,0.3,0.6,0.7,0.4,0.1,0.4,0.9,0.6,0.9,0.8,0.9,0.7,1.0,0.6,0.9,0.1,0.7,0.7,1.0,0.8,0.3,0.9,0.5,0.1,1.0,-0.26300561864611605
2025-02-19,0.1,0.9,0.1,0.5,0.1,0.8,0.3,0.2,0.1,0.2,0.1,0.6,0.6,0.9,0.6,0.5,1.0,0.6,0.3,1.0,0.1,0.3,0.2,0.8,0.1,0.5,1.0,0.9,0.2,1.0,0.1,0.1,0.1,0.3,0.4,0.9,0.4,0.8,1.0,0.3,0.6,0.5,0.6,0.1,0.4,0.3,0.6,0.6,0.2,0.3,0.7,-0.0004112414450960284
2025-02-20,0.1,1.0,0.5,0.3,0.1,0.7,0.1,0.5,0.1,0.1,0.1,0.6,0.5,0.8,0.3,0.2,0.9,0.9,0.9,0.6,0.3,0.3,1.0,0.1,0.1,0.2,0.6,1.0,0.4,0.2,0.3,0.1,0.4,0.3,0.2,0.5,0.2,0.4,1.0,0.9,0.2,0.4,0.3,0.1,0.2,0.4,0.8,0.5,0.4,0.1,0.7,0.05472187144265567
2025-02-21,1.0,1.0,0.3,1.0,0.3,1.0,0.4,0.8,0.2,0.4,1.0,1.0,1.0,0.6,0.1,0.9,0.8,1.0,1.0,0.7,0.6,0.6,0.7,0.2,0.7,1.0,0.8,0.9,0.8,1.0,0.4,0.8,1.0,0.6,0.4,0.4,0.9,0.7,0.8,0.4,1.0,0.5,0.9,0.9,0.4,0.5,0.3,0.7,0.2,0.8,1.0,0.1912346804073591
2025-02-24,0.2,1.0,1.0,0.8,0.2,0.8,0.8,1.0,0.1,0.2,0.9,0.9,0.9,0.8,0.5,0.6,0.9,0.9,0.7,0.7,0.2,0.8,0.2,0.4,0.4,1.0,0.2,0.5,1.0,0.7,0.3,1.0,0.2,0.7,0.6,0.2,1.0,0.8,0.5,0.7,0.8,0.2,1.0,0.9,0.9,1.0,0.1,0.5,0.1,0.4,1.0,0.26168925049946457
2025-02-25,0.2,0.7,0.2,0.2,0.2,0.8,0.7,0.8,1.0,0.2,0.5,0.6,1.0,0.7,0.2,0.2,0.8,0.4,0.6,0.4,0.1,0.2,0.5,0.3,0.4,0.5,0.1,0.1,0.9,0.7,0.5,0.8,0.1,0.3,1.0,0.1,0.6,0.2,0.4,0.8,0.8,0.2,0.6,0.5,0.8,0.3,0.1,0.3,0.1,0.1,0.9,-0.040841062816933
2025-02-26,0.5,0.5,0.6,1.0,0.5,0.7,0.7,0.9,1.0,0.3,0.8,0.9,0.5,0.4,0.2,0.7,1.0,0.4,0.4,0.6,0.4,0.9,0.7,0.9,0.4,0.9,0.6,0.1,0.9,0.8,0.2,1.0,0.4,0.9,1.0,0.6,1.0,0.6,0.3,0.4,0.5,0.1,0.2,0.3,0.5,0.4,0.3,0.8,0.4,0.2,1.0,-0.4389561656211084
2025-02-27,0.3,0.9,0.5,1.0,0.4,0.9,1.0,0.7,0.5,0.3,0.9,0.8,0.2,0.7,1.0,0.2,0.5,0.3,0.6,0.8,1.0,1.0,0.6,0.8,0.2,0.6,0.1,0.4,1.0,0.6,0.6,0.9,0.9,0.9,0.9,0.6,0.6,0.5,0.5,0.9,1.0,0.3,0.3,1.0,0.6,0.7,0.8,0.1,0.8,0.5,0.6,-0.19198906474488964
2025-02-28,0.7,0.6,0.5,0.7,0.3,0.9,0.4,0.5,0.5,1.0,1.0,0.7,0.7,0.2,0.9,0.7,0.9,0.6,0.7,0.3,0.2,0.8,0.6,0.2,1.0,0.7,0.1,0.9,0.9,0.5,0.9,1.0,0.5,1.0,0.9,0.6,1.0,0.7,0.3,0.7,0.7,0.1,0.8,1.0,0.6,0.6,0.1,0.5,1.0,0.2,1.0,-0.13758945899801206
2025-03-03,0.2,0.4,0.9,0.4,1.0,0.3,0.4,0.7,0.3,0.2,0.7,0.7,0.4,0.1,0.7,0.2,0.2,0.2,0.6,0.3,0.3,1.0,0.8,0.1,0.7,0.6,0.2,1.0,0.8,0.3,1.0,1.0,0.7,0.7,0.5,0.5,1.0,1.0,0.3,0.1,0.8,0.1,0.7,0.8,0.4,0.7,0.5,0.3,0.6,1.0,0.3,-0.18846644769890716
2025-03-04,0.3,0.9,0.3,0.3,0.5,0.9,0.4,0.3,0.2,0.2,0.3,0.3,0.2,0.5,0.6,0.4,0.2,0.2,1.0,0.1,0.5,0.8,0.1,0.7,0.8,0.2,0.1,0.2,0.6,0.8,0.8,0.8,0.1,0.4,0.7,0.2,0.9,0.6,0.1,0.1,0.4,0.3,0.5,0.3,0.8,0.6,0.7,0.1,0.3,1.0,0.4,0.10553042634505957
2025-03-05,0.1,0.1,0.6,0.8,0.1,0.1,0.1,0.3,0.6,0.1,0.2,0.9,0.1,0.1,0.5,0.6,0.2,0.2,0.8,0.2,0.4,0.3,0.1,0.3,0.7,0.3,0.4,0.5,0.5,0.5,0.7,1.0,0.2,0.7,0.5,0.1,0.8,0.9,0.1,0.5,0.2,0.6,0.4,0.1,0.1,0.2,0.7,0.2,0.2,0.9,0.4,-0.09406732091786961
2025-03-06,0.8,0.6,0.4,0.9,1.0,0.8,0.2,0.8,0.1,0.2,1.0,0.2,0.7,0.2,0.5,0.1,0.4,0.7,0.7,0.3,0.7,0.8,0.3,0.9,1.0,0.4,0.7,0.8,0.5,0.8,0.7,0.6,0.8,1.0,0.3,0.4,0.9,0.5,0.1,0.8,0.8,0.8,0.5,0.8,1.0,0.1,1.0,0.6,0.3,0.8,0.1,-0.10628287863295323
2025-03-07,0.2,0.5,0.8,0.4,1.0,0.2,0.5,0.3,0.1,0.2,0.7,0.1,0.4,0.1,0.6,0.2,0.3,0.1,0.9,0.5,1.0,0.1,0.2,1.0,0.3,0.4,0.7,0.4,1.0,0.1,0.9,0.6,0.7,0.3,0.3,0.1,0.5,0.3,0.1,0.2,0.4,0.5,0.4,0.7,0.2,0.9,1.0,0.6,0.3,0.6,0.8,0.27501536117743336
2025-03-10,0.1,0.1,1.0,0.1,0.7,0.1,0.1,0.2,0.1,0.4,0.9,0.1,0.2,0.5,0.3,0.1,0.1,0.2,0.8,0.1,0.4,0.1,0.1,0.5,0.2,0.1,0.1,0.1,0.5,0.1,0.8,0.5,0.3,0.1,0.3,1.0,0.1,0.1,0.2,0.1,0.2,0.1,0.5,0.4,0.3,0.8,0.5,0.2,0.6,0.7,0.8,0.027146094836590744
2025-03-11,0.1,0.8,0.1,0.2,0.6,0.1,0.4,0.2,0.4,0.2,0.7,0.2,0.1,0.4,0.2,0.2,0.2,0.2,0.8,0.8,0.3,0.2,0.4,0.4,0.8,0.2,0.1,0.3,0.7,0.2,0.6,0.9,0.4,0.1,1.0,0.3,0.7,0.7,0.1,0.9,1.0,0.1,1.0,0.8,0.7,0.4,0.7,0.2,0.4,0.6,0.3,-0.056378914554450495
2025-03-12,0.5,0.1,0.2,0.8,0.6,0.2,0.2,0.8,1.0,0.2,0.3,0.2,0.1,0.1,0.1,0.6,0.1,0.5,1.0,1.0,0.8,0.3,0.5,0.1,0.9,0.5,0.2,0.1,0.5,0.4,1.0,0.9,0.2,0.3,0.4,0.1,0.3,0.6,0.1,0.5,0.5,0.2,0.7,0.3,0.3,0.9,0.9,1.0,0.7,0.3,0.5,0.08189103976828661
2025-03-13,0.4,0.4,0.1,0.4,0.7,0.4,0.2,0.5,0.9,0.9,0.7,0.3,0.6,0.9,0.5,0.2,0.9,0.1,0.5,1.0,0.9,0.6,0.4,0.9,0.2,0.2,0.1,0.5,0.5,0.2,0.6,0.8,0.5,0.3,0.6,0.6,1.0,0.9,0.6,0.7,0.5,0.3,0.4,0.2,0.9,0.7,0.8,1.0,0.9,0.3,1.0,-0.1709551203794581
2025-03-14,1.0,0.6,0.9,1.0,0.5,0.5,0.7,1.0,0.9,0.9,1.0,0.8,0.4,0.7,0.1,0.9,1.0,1.0,0.4,0.9,0.9,0.7,0.9,1.0,0.9,0.4,0.6,1.0,0.9,0.5,1.0,0.8,0.5,0.8,0.9,0.4,0.7,0.3,0.6,0.3,0.9,0.7,0.9,1.0,0.2,0.9,1.0,0.8,0.9,0.1,0.9,-0.20675367298974626
2025-03-17,0.2,0.2,1.0,0.1,1.0,0.1,0.1,0.9,0.8,0.2,0.8,0.1,0.1,0.5,0.8,0.6,0.2,0.4,0.1,1.0,0.9,0.4,1.0,0.9,0.7,0.2,0.4,0.5,1.0,0.1,0.2,0.5,0.3,1.0,0.3,0.2,0.3,0.2,0.2,0.5,0.9,0.1,0.9,1.0,0.5,0.6,0.5,0.7,0.9,0.1,0.2,0.10353429142967523
2025-03-18,0.3,0.5,0.5,0.1,0.8,0.2,0.2,0.6,0.7,0.3,0.3,0.1,0.2,0.4,0.2,0.9,0.2,1.0,0.1,0.8,0.6,0.9,0.7,0.5,0.7,0.8,0.4,0.3,0.7,0.5,0.1,0.9,0.3,0.6,0.6,0.5,0.6,0.3,0.1,0.8,0.6,0.3,0.6,0.8,0.9,0.5,0.9,0.6,0.7,0.1,0.6,0.2694959523030245
2025-03-19,0.5,0.4,0.7,0.5,0.1,0.3,0.1,0.5,0.5,0.5,0.1,0.3,0.1,1.0,0.8,0.8,0.4,0.4,0.3,0.6,0.6,0.9,0.2,0.4,1.0,0.5,0.1,0.4,0.4,0.3,0.9,0.1,0.1,0.1,0.1,0.9,0.6,0.1,0.7,0.1,0.7,0.2,0.1,0.6,0.4,0.9,0.5,1.0,0.5,0.1,0.5,0.13696763352958713
2025-03-20,0.3,0.8,0.6,0.1,0.7,0.2,0.1,0.5,0.8,0.3,0.7,0.5,1.0,0.9,0.3,1.0,0.2,0.1,0.2,0.9,0.5,0.5,0.3,0.2,1.0,1.0,0.1,0.9,0.1,0.1,0.3,0.5,1.0,0.1,0.8,0.4,0.5,0.9,0.2,0.6,0.7,0.3,0.2,0.4,0.8,0.2,0.4,0.5,0.7,0.8,0.6,0.10325949409313709
2025-03-21,0.7,0.9,0.5,0.7,0.1,1.0,0.5,0.8,1.0,1.0,0.9,0.3,0.8,1.0,1.0,0.9,0.8,0.8,0.4,0.4,0.4,0.7,1.0,0.5,0.3,0.9,0.2,0.8,0.4,0.1,0.4,0.1,1.0,0.7,0.2,1.0,0.9,0.5,1.0,0.7,1.0,0.2,0.3,0.5,0.6,0.3,0.8,0.6,0.6,0.2,0.8,0.01960347800921058
2025-03-24,0.9,0.4,0.4,0.1,0.6,0.6,0.2,0.2,0.5,1.0,0.4,0.9,0.6,0.9,0.6,0.8,0.5,0.1,0.3,0.9,0.1,0.4,0.6,0.2,0.2,0.4,0.1,0.5,0.1,0.1,0.3,0.3,0.5,0.7,1.0,0.8,0.9,0.5,0.9,0.5,0.8,0.9,0.5,0.7,0.5,0.1,0.8,0.6,0.4,0.5,0.5,-0.11495613360883693
2025-03-25,0.6,0.4,0.2,0.1,0.3,0.6,0.1,0.1,1.0,0.6,0.2,0.8,0.3,0.5,0.1,0.8,0.1,0.1,0.2,0.9,0.2,0.1,0.4,0.5,0.3,0.3,0.1,0.5,0.2,0.4,0.6,0.4,0.8,0.2,0.9,0.5,0.6,1.0,0.6,0.8,0.7,0.2,0.4,0.3,0.6,0.1,0.3,0.9,0.4,0.2,0.7,-0.2456801109585177
2025-03-26,0.1,0.1,1.0,0.1,0.6,0.3,0.6,0.1,0.5,0.7,0.2,1.0,0.5,0.5,0.1,0.9,0.2,0.4,0.1,0.6,0.3,0.1,0.6,0.3,0.3,0.1,0.3,0.7,0.3,0.4,0.3,0.3,0.8,0.5,0.8,0.8,0.2,0.9,0.9,1.0,0.4,0.1,1.0,0.3,1.0,0.1,0.6,0.5,0.1,0.8,0.3,-0.08680639768319517
2025-03-27,0.7,1.0,0.2,0.5,0.3,0.7,0.9,0.4,0.1,0.9,0.6,0.6,0.6,0.1,0.3,1.0,0.7,1.0,0.5,0.5,0.3,0.5,0.1,0.1,0.1,0.4,1.0,0.5,0.8,0.8,0.1,0.3,0.7,0.3,0.7,0.2,0.3,0.7,0.4,1.0,0.2,1.0,0.7,0.1,1.0,0.4,0.2,0.8,0.2,0.3,0.3,0.016040868449188197
2025-03-28,0.2,1.0,0.7,0.8,0.2,0.6,0.6,0.4,0.8,0.5,0.2,0.2,0.1,0.6,0.6,1.0,0.1,0.9,0.3,0.5,0.6,0.1,0.1,0.9,0.3,0.4,1.0,0.3,0.6,0.7,0.9,0.2,0.7,0.2,0.7,0.3,0.1,0.5,0.7,0.5,0.6,0.9,0.5,0.2,0.8,1.0,0.6,0.7,0.1,0.3,0.8,0.12846639232738594
2025-03-31,0.9,0.9,0.9,0.4,0.5,0.6,0.5,0.3,0.4,0.8,0.3,0.9,0.8,0.3,0.1,1.0,0.5,0.7,0.7,0.6,0.7,0.5,0.4,0.9,0.7,0.7,0.8,0.7,0.4,0.5,0.1,0.8,0.7,0.6,0.7,0.5,0.9,0.6,0.4,0.6,0.2,0.8,0.3,0.1,0.6,0.5,0.6,0.7,0.1,0.8,0.7,0.09782866296521264
2025-04-01,0.4,0.9,0.6,0.3,0.3,0.5,1.0,0.3,0.7,0.2,0.1,0.9,0.9,0.2,0.1,1.0,0.1,0.9,1.0,0.3,0.5,0.1,0.1,0.6,1.0,0.7,0.9,0.5,0.6,0.8,0.7,0.2,0.4,0.1,0.7,0.1,0.2,0.5,0.4,0.2,0.1,0.6,0.8,0.1,0.5,0.4,0.2,0.7,0.8,0.6,0.2,-0.06390483257871535
2025-04-02,0.1,0.7,0.1,0.5,0.3,0.1,0.8,1.0,0.2,0.1,0.2,0.6,0.2,0.6,0.2,0.8,0.3,0.6,0.9,0.1,1.0,0.1,0.1,0.5,0.7,1.0,0.7,0.1,0.3,0.2,0.1,0.1,0.2,0.1,0.4,1.0,0.2,0.1,0.3,0.2,0.1,0.3,0.1,0.1,0.9,0.7,0.8,0.5,0.1,0.3,0.1,-0.11216727717575155
2025-04-03,0.3,0.8,0.5,0.7,0.5,0.5,0.8,0.8,0.3,0.3,0.3,0.5,0.4,0.2,0.3,0.8,0.5,0.6,0.9,0.2,1.0,0.8,1.0,0.8,0.9,1.0,0.5,1.0,0.9,0.2,1.0,0.8,0.7,0.8,0.2,0.8,1.0,0.5,0.7,0.5,0.3,0.8,0.9,0.9,0.5,1.0,0.3,1.0,0.5,1.0,0.1,0.06922196911434665
2025-04-07,0.5,0.2,0.8,0.1,0.4,1.0,0.1,1.0,0.1,0.9,0.9,1.0,1.0,0.1,0.4,1.0,0.4,0.8,1.0,0.1,1.0,0.6,0.9,1.0,0.8,0.1,0.4,1.0,0.9,1.0,1.0,1.0,1.0,1.0,0.1,0.9,1.0,0.8,0.6,0.1,0.9,0.1,1.0,1.0,0.4,1.0,1.0,1.0,0.1,1.0,0.9,0.07845150966175995
2025-04-08,0.9,0.4,0.7,1.0,0.9,0.9,1.0,1.0,0.5,1.0,0.7,0.6,0.9,0.3,0.9,0.5,1.0,0.5,0.9,0.4,0.8,1.0,0.9,0.8,0.6,1.0,0.5,0.9,1.0,0.9,0.6,0.9,0.9,0.9,0.5,0.9,0.9,0.8,0.3,1.0,0.8,0.8,0.9,0.9,0.2,1.0,0.9,0.5,0.9,0.9,0.6,0.2713702577516248
2025-04-09,1.0,0.7,0.3,1.0,0.8,1.0,1.0,1.0,0.4,1.0,0.1,0.8,0.8,0.3,0.6,0.7,1.0,0.6,1.0,0.3,1.0,1.0,1.0,0.9,0.4,0.9,0.8,0.9,0.9,1.0,0.3,0.9,0.9,1.0,0.8,0.8,1.0,1.0,0.4,0.8,1.0,0.8,0.8,1.0,0.7,1.0,0.9,0.6,1.0,0.8,0.3,-0.20086793972468744
2025-04-10,0.9,0.8,0.2,0.9,0.8,0.8,0.9,0.8,0.8,0.8,0.4,0.5,1.0,0.5,0.7,0.9,0.9,0.4,0.9,0.5,0.6,0.7,0.9,0.7,0.4,1.0,0.2,0.9,0.8,0.8,0.6,0.9,0.7,1.0,0.9,0.8,0.7,0.9,0.3,0.9,1.0,0.7,1.0,0.9,0.6,0.7,0.9,0.1,0.6,0.7,0.2,-0.23865716735520026
2025-04-11,0.6,1.0,0.2,0.8,0.4,0.9,0.8,0.5,0.5,0.7,0.3,0.2,0.5,0.6,0.9,0.9,0.7,0.2,0.8,0.2,0.1,0.4,0.6,0.9,0.8,0.5,0.2,0.6,0.7,1.0,0.1,0.6,0.3,0.8,0.6,0.6,0.6,1.0,0.1,0.9,0.6,0.6,0.6,0.7,0.1,0.6,0.7,0.1,1.0,0.5,0.2,-0.030298281752276834
2025-04-14,0.3,0.3,0.5,0.6,0.2,0.5,0.5,0.4,0.3,0.4,0.1,0.3,0.5,0.2,0.4,0.2,0.5,0.1,0.2,0.2,0.6,0.2,0.5,0.2,0.6,0.6,0.2,0.3,0.6,0.8,0.5,0.5,0.2,0.6,0.3,0.4,0.1,0.6,0.1,0.6,0.9,0.5,0.4,0.5,0.4,0.4,0.6,0.2,0.8,0.4,0.6,-0.12035661484615084
2025-04-15,0.3,0.3,0.3,0.2,1.0,0.2,0.2,0.3,0.2,0.4,0.2,0.2,0.4,1.0,1.0,0.1,0.3,0.1,0.1,0.2,0.1,0.4,0.3,0.2,0.6,0.2,0.2,0.1,0.6,0.4,0.1,0.2,0.1,0.3,0.2,0.2,0.1,0.2,0.9,0.4,0.4,0.4,0.2,0.3,0.9,0.2,0.1,0.1,0.4,0.3,0.1,0.11068885498534703
2025-04-16,0.2,0.4,0.8,0.3,0.1,0.2,0.3,0.1,1.0,0.6,0.5,0.2,0.3,0.8,0.5,0.7,0.1,0.1,0.2,1.0,0.2,0.3,0.3,0.1,1.0,0.3,0.2,0.3,0.2,0.4,0.1,0.3,0.6,0.3,0.3,0.1,0.4,0.3,0.7,0.3,0.6,0.5,0.3,0.4,1.0,0.3,0.2,0.5,0.4,0.5,0.1,-0.17409807248595963
2025-04-17,0.1,0.5,0.1,0.4,0.1,0.4,0.4,0.2,0.9,0.4,0.1,0.1,0.1,0.8,0.1,1.0,0.1,0.1,0.5,1.0,0.3,0.1,0.1,0.1,1.0,0.2,0.5,0.2,0.1,0.5,0.4,0.3,0.2,0.7,0.4,0.4,0.2,0.1,0.2,0.4,0.5,0.4,0.2,0.1,1.0,0.1,0.3,0.1,1.0,0.1,0.1,-0.18945123183516
2025-04-18,0.6,0.1,0.7,0.2,0.2,0.1,0.1,0.1,0.3,0.1,0.3,0.2,0.1,0.4,0.1,0.6,0.1,0.1,0.1,0.9,0.1,0.4,0.2,0.1,0.3,0.8,0.3,0.3,0.1,0.1,0.1,0.4,0.1,0.9,0.2,0.3,0.4,0.1,0.1,0.2,0.7,0.2,0.1,0.1,0.5,0.1,0.1,0.3,0.5,0.2,0.1,-0.2146047559066572
2025-04-21,0.7,0.2,0.5,0.1,0.5,0.2,0.2,0.2,0.1,0.2,0.3,0.8,0.2,0.1,0.1,0.7,0.6,0.5,0.5,0.5,0.2,0.7,0.4,0.6,0.9,0.6,0.1,0.3,0.2,0.3,0.8,0.4,0.8,0.5,0.3,0.1,0.3,0.5,0.1,0.5,0.2,0.2,0.4,0.1,0.1,0.1,0.5,0.1,0.1,0.3,0.4,-0.31958049660465715
2025-04-22,0.5,0.7,0.1,0.6,0.5,0.3,0.6,0.6,0.3,0.3,0.1,0.7,0.3,0.2,0.3,1.0,0.7,0.9,0.1,0.7,0.6,0.1,0.3,0.7,0.9,0.2,0.4,0.2,0.3,0.3,0.6,0.7,0.4,0.5,0.7,0.4,0.2,0.7,0.3,0.1,0.4,0.4,0.7,0.6,0.4,0.5,0.4,0.6,0.3,0.1,0.4,0.0005032441644286573
2025-04-23,0.5,0.6,0.7,0.5,0.3,0.4,0.4,0.3,0.4,0.4,0.6,0.1,0.5,0.5,0.5,1.0,0.9,0.6,0.8,0.6,0.2,0.6,0.7,0.7,0.9,0.8,0.8,0.3,0.3,0.5,0.7,0.9,0.5,0.3,0.9,0.6,0.6,0.8,0.4,0.4,0.4,0.2,0.4,0.3,0.3,0.3,0.7,0.3,0.7,0.2,0.3,0.1900955454276729
2025-04-24,0.4,0.8,0.1,0.3,0.8,0.2,0.4,0.5,0.5,0.5,0.4,0.5,0.1,0.3,0.4,0.8,0.8,0.8,0.5,0.8,0.3,0.5,0.3,0.9,0.2,0.5,0.4,0.5,0.3,0.1,0.4,0.5,0.7,0.8,0.6,0.1,0.5,0.6,0.4,0.5,0.1,0.3,0.2,0.1,0.2,0.3,0.4,0.7,0.5,0.7,0.8,-0.16353317150371244
2025-04-25,0.8,0.7,0.4,1.0,0.2,0.7,0.7,0.6,0.3,0.1,0.7,0.3,0.3,0.5,0.5,0.6,0.7,0.9,0.5,0.4,0.4,0.7,0.3,0.3,0.2,0.6,0.7,0.3,0.6,0.3,0.2,0.7,0.4,1.0,0.9,0.8,0.6,0.7,0.5,0.3,0.3,1.0,0.1,0.2,0.2,0.6,0.2,0.9,0.4,0.7,0.8,0.0034018885556980627
2025-04-28,0.2,0.6,0.6,0.2,0.9,0.2,0.3,0.5,0.1,0.3,1.0,0.5,0.8,0.1,0.4,0.3,0.4,0.7,0.1,0.2,0.4,0.7,0.3,1.0,0.3,0.4,0.2,0.2,0.8,0.1,0.2,0.2,0.9,0.9,0.6,0.2,0.3,0.2,0.1,0.7,1.0,0.7,0.2,0.2,0.3,0.3,0.1,0.7,0.1,0.6,1.0,-0.05210985095348193
2025-04-29,0.2,0.3,0.6,0.2,0.9,0.4,0.3,0.3,0.2,0.1,0.2,0.2,0.6,0.4,0.3,0.1,0.5,0.2,0.3,0.2,0.4,0.1,0.1,0.7,0.1,0.1,0.3,0.3,0.3,0.2,0.1,0.1,0.4,0.1,0.2,0.4,0.1,0.7,0.5,0.4,0.1,0.2,0.1,0.3,0.8,0.9,0.1,1.0,0.3,0.3,0.7,0.040182672095750605
2025-04-30,0.6,0.3,0.5,0.6,0.3,0.7,0.5,1.0,0.1,0.5,0.1,1.0,1.0,0.1,0.2,0.1,0.8,0.3,0.5,0.1,0.9,0.2,0.3,0.9,0.1,0.4,0.1,0.1,0.5,0.2,0.1,0.1,1.0,0.3,0.2,0.5,0.2,0.4,0.1,1.0,0.4,0.8,0.1,0.2,0.3,0.6,0.1,0.5,0.1,0.6,0.2,0.12799513708830726
2025-05-06,0.8,0.3,0.9,0.9,0.5,0.8,0.5,0.7,0.3,0.7,0.9,0.7,0.9,0.9,1.0,0.6,0.5,0.3,0.9,0.1,1.0,0.4,0.9,1.0,0.6,0.7,0.9,1.0,0.7,0.1,0.9,0.4,0.7,0.1,0.3,0.6,0.3,0.5,0.8,0.8,0.7,0.9,0.5,0.6,0.6,0.9,0.6,0.9,0.4,0.1,0.8,0.07334822924094064
2025-05-07,1.0,0.4,1.0,1.0,1.0,1.0,0.9,0.8,0.5,1.0,1.0,0.9,1.0,0.6,0.7,0.3,0.9,1.0,1.0,0.5,0.7,0.7,1.0,0.8,0.3,0.6,0.8,0.9,0.5,0.7,0.5,0.2,0.2,0.7,0.5,0.2,0.9,0.1,0.3,0.2,0.2,0.6,0.6,0.9,1.0,0.7,0.3,0.9,0.3,0.2,1.0,-0.10835549008690079
2025-05-08,0.9,0.1,0.9,0.6,0.4,0.4,0.3,0.6,0.1,0.6,0.5,0.7,0.1,0.6,0.9,0.7,0.3,0.4,0.9,0.3,0.3,0.9,0.4,0.2,0.3,1.0,0.4,0.7,0.4,0.1,0.5,0.6,0.5,0.1,0.8,0.2,0.6,0.4,0.4,0.7,0.1,0.1,0.5,0.1,0.8,0.2,0.6,0.1,0.2,0.1,0.5,-0.04144954761108824
2025-05-09,0.4,0.2,1.0,0.1,0.8,0.9,0.1,0.1,0.1,0.9,0.3,0.6,0.3,1.0,0.9,0.5,0.8,0.5,0.8,0.1,0.9,0.4,0.2,0.3,0.2,0.7,0.1,0.3,0.3,0.2,0.4,0.5,0.7,0.4,0.1,0.8,0.5,0.1,1.0,0.2,0.2,0.1,0.8,0.2,0.7,0.3,0.1,0.6,0.9,0.1,0.3,-0.4474718926879061
2025-05-12,0.9,0.9,0.5,0.8,0.3,0.7,0.4,0.8,0.3,0.8,0.9,1.0,0.4,0.9,0.7,0.7,1.0,0.8,1.0,0.1,1.0,1.0,1.0,0.3,0.7,0.9,0.6,0.7,0.2,0.4,1.0,0.7,0.7,0.5,0.5,0.7,1.0,0.4,0.9,0.1,0.3,0.1,0.7,0.6,0.5,0.4,0.5,0.2,0.9,0.2,0.2,-0.3282057577173461
2025-05-13,0.4,0.5,0.6,0.4,0.3,0.2,0.3,0.3,1.0,1.0,0.2,0.4,0.7,0.8,0.9,0.9,0.9,0.6,0.8,1.0,0.8,0.8,1.0,0.6,1.0,1.0,0.7,0.8,0.3,0.2,0.8,0.9,0.5,0.1,0.7,0.8,1.0,0.6,0.8,0.4,0.3,0.9,1.0,0.1,0.2,0.9,0.8,0.5,0.7,0.2,1.0,-0.04095911545958103
2025-05-14,0.9,0.3,0.9,1.0,0.9,0.7,0.5,1.0,0.9,0.7,1.0,0.9,0.7,0.6,0.6,0.3,0.3,0.3,0.5,0.9,0.8,0.6,0.7,0.7,0.9,0.5,1.0,1.0,1.0,0.5,0.8,1.0,0.5,0.8,0.9,0.9,1.0,0.9,1.0,0.6,0.5,1.0,0.9,1.0,0.9,0.6,1.0,0.4,0.8,0.2,1.0,-0.2732423221605003
2025-05-15,0.7,0.1,0.7,0.5,0.9,0.1,0.1,0.9,0.8,0.7,0.9,0.8,0.1,0.3,0.2,0.9,0.4,0.6,0.4,0.8,0.3,0.5,0.5,0.6,0.9,0.3,1.0,0.7,0.1,0.1,0.3,1.0,0.5,0.2,0.5,0.1,0.4,0.3,0.3,0.9,0.1,0.2,0.7,0.3,0.7,0.6,0.4,0.3,0.5,0.2,0.7,0.03601073029211452
2025-05-16,0.1,0.9,0.1,0.2,0.1,0.1,0.1,0.5,1.0,0.4,0.8,0.6,0.5,1.0,1.0,0.4,0.1,0.7,0.3,0.9,0.1,0.5,0.3,0.2,0.2,0.2,0.8,0.2,0.1,0.2,0.8,0.8,0.3,0.1,0.2,0.1,0.1,0.1,1.0,0.3,0.2,0.1,1.0,0.1,0.8,0.1,0.1,0.2,0.4,0.2,0.6,0.3174110973085733
2025-05-19,0.1,0.8,0.2,0.3,0.2,0.2,0.1,0.3,0.8,0.2,0.6,0.7,0.1,0.4,0.1,0.4,0.1,0.1,0.1,0.7,0.8,0.1,0.1,0.1,0.1,0.1,0.9,0.1,0.1,0.7,0.1,1.0,0.1,0.7,0.5,0.2,0.4,0.6,0.4,0.6,0.4,0.3,0.5,0.2,0.6,0.5,0.5,0.1,0.1,0.1,0.1,0.09702169359602122
2025-05-20,0.3,1.0,0.1,0.7,0.6,0.2,0.6,0.5,0.6,0.4,0.4,0.1,0.2,0.8,0.4,0.2,0.1,0.8,0.1,0.3,0.6,0.7,0.3,0.3,0.5,0.1,0.6,0.6,0.4,0.4,0.1,0.3,0.2,0.6,0.3,0.3,0.4,0.3,0.1,0.5,0.6,0.1,0.6,0.8,0.4,1.0,0.9,0.6,0.1,0.5,0.4,0.26725603897629924
2025-05-21,0.1,1.0,0.2,0.3,0.3,0.1,0.7,0.8,0.4,0.1,0.3,0.3,0.1,0.2,0.3,0.6,0.3,0.9,0.6,0.3,0.5,1.0,0.1,1.0,0.9,0.1,0.5,0.7,0.2,0.3,0.9,0.2,0.2,0.1,0.1,0.1,0.6,0.2,0.4,0.7,0.1,0.1,0.2,0.7,0.1,0.8,0.6,1.0,0.4,1.0,1.0,-0.052257981683250944
2025-05-22,0.3,0.6,0.4,0.2,1.0,0.3,0.4,0.4,0.9,0.2,0.5,0.5,0.4,0.3,0.4,0.3,0.4,0.7,0.4,1.0,0.8,0.9,0.2,0.5,0.5,0.2,0.6,0.5,0.2,0.6,0.4,0.6,0.3,0.5,0.4,0.3,0.8,0.5,0.2,0.1,0.5,0.7,0.1,0.3,0.3,0.3,0.3,0.4,0.5,0.9,0.6,0.01639081580801694
2025-05-23,0.7,0.8,0.5,0.7,0.8,0.8,0.5,0.6,0.5,0.5,0.5,0.4,0.7,0.1,0.1,0.4,0.7,1.0,0.2,0.6,0.9,0.8,0.6,0.8,0.3,0.7,0.8,0.9,0.7,1.0,0.5,0.1,0.9,0.3,0.2,0.3,0.5,0.2,0.1,0.2,0.5,0.6,0.1,0.8,0.1,0.4,0.2,0.7,0.2,0.8,0.8,0.14067871127418546
2025-05-26,0.6,0.3,0.4,0.2,0.9,0.6,0.5,0.9,0.3,0.2,0.3,0.4,0.4,0.6,0.4,0.1,0.2,0.4,0.1,0.8,0.5,0.7,0.7,0.5,0.3,0.2,0.3,0.2,0.2,1.0,0.9,0.3,1.0,0.1,0.1,1.0,0.2,0.4,0.4,0.2,0.1,0.1,0.2,0.7,0.7,0.5,0.4,0.3,0.3,0.7,0.3,0.00283123352858967
2025-05-27,0.1,1.0,0.2,0.3,0.4,0.5,0.7,0.6,0.1,0.2,0.1,0.2,0.2,0.6,0.3,0.4,0.3,0.4,0.2,0.7,0.2,0.5,0.3,1.0,0.2,1.0,0.4,0.4,0.9,0.3,1.0,0.2,0.5,0.3,0.2,0.8,0.4,0.2,0.2,0.3,0.4,0.5,0.3,0.4,0.4,1.0,0.1,0.2,0.3,0.7,0.5,0.044663399651378936
2025-05-28,0.1,0.6,1.0,0.1,0.6,0.2,0.1,0.6,0.1,0.1,0.1,0.1,0.1,0.6,0.8,0.1,0.1,0.1,0.2,0.6,0.1,0.4,0.1,0.1,0.2,0.6,0.3,0.1,0.5,0.5,0.1,0.2,0.1,0.1,0.4,0.7,0.5,0.4,0.2,0.2,0.1,1.0,0.1,0.3,0.4,0.5,0.6,0.1,0.2,0.6,0.2,-0.13861281172509385
2025-05-29,1.0,0.9,0.9,1.0,0.7,1.0,1.0,0.9,0.1,0.7,0.7,0.3,0.8,0.4,0.9,0.3,0.9,0.8,0.9,0.4,0.4,0.2,1.0,1.0,0.7,0.9,0.2,0.9,0.8,0.9,0.4,0.5,0.9,0.6,0.9,0.8,0.9,0.7,0.4,1.0,1.0,1.0,0.5,0.3,0.7,0.6,0.6,0.2,0.7,0.6,0.3,0.2733978084636026
2025-05-30,0.9,1.0,0.8,0.2,0.4,0.7,0.2,0.5,0.1,0.5,0.3,0.5,0.5,0.2,0.6,0.3,0.8,0.8,0.7,0.6,0.1,0.3,0.9,0.2,0.4,0.6,0.1,0.3,0.2,0.1,0.6,0.3,0.7,0.2,0.9,0.9,0.1,0.3,0.1,0.1,0.2,0.5,1.0,0.5,0.8,0.7,1.0,0.5,0.7,0.5,0.3,0.17994197689989425
2025-06-03,0.8,0.7,0.6,0.9,0.8,0.9,0.3,0.9,0.1,0.7,1.0,1.0,0.6,0.3,0.2,0.6,0.5,0.4,0.7,0.3,0.4,0.1,0.5,0.6,0.8,0.5,0.2,0.2,0.1,0.7,0.4,0.1,0.6,0.2,0.1,0.2,0.3,0.1,0.2,0.3,0.4,0.8,0.9,0.1,0.6,0.2,1.0,0.6,0.6,0.8,0.6,0.20804406749480744
2025-06-04,0.9,1.0,0.1,1.0,0.6,0.8,0.6,0.9,0.5,0.1,1.0,0.4,0.2,0.4,0.8,0.5,0.2,0.6,0.2,0.2,0.4,0.4,0.9,0.6,0.9,0.8,0.4,0.2,0.7,0.3,0.7,0.3,0.3,0.8,0.3,0.5,0.4,0.8,0.5,0.8,0.9,0.3,0.8,0.1,0.6,0.1,1.0,0.8,1.0,0.2,0.8,0.21148748400215744
2025-06-05,0.9,0.9,0.9,1.0,1.0,1.0,0.7,1.0,0.3,0.4,1.0,0.7,0.8,0.5,0.8,0.1,1.0,0.7,0.6,0.1,0.7,0.2,1.0,0.6,0.7,1.0,0.3,0.4,1.0,0.9,1.0,0.1,1.0,0.3,0.1,0.5,0.5,0.1,0.2,0.9,0.7,0.9,0.7,0.3,0.9,0.7,0.7,0.3,1.0,0.4,0.5,0.28273508342705295
2025-06-06,0.6,1.0,0.6,0.4,0.4,0.6,0.1,0.7,0.5,0.1,0.5,0.1,0.9,0.1,0.2,0.2,0.6,0.5,0.6,0.5,0.8,0.2,0.2,0.7,0.2,0.8,0.1,0.3,0.8,0.8,0.8,0.3,0.3,0.2,0.7,0.1,0.3,0.2,0.7,0.2,0.3,0.2,0.2,0.9,0.2,0.7,0.6,0.7,0.1,1.0,0.8,0.17461094244755163
2025-06-09,0.6,1.0,0.6,1.0,0.7,0.5,0.9,0.9,0.4,0.3,0.5,0.8,0.1,0.1,0.1,0.7,0.4,1.0,0.9,0.4,0.9,0.7,0.2,0.7,1.0,0.7,0.5,0.8,0.7,0.5,0.7,0.4,0.8,0.4,0.7,0.4,0.3,0.3,0.5,1.0,0.7,0.4,0.9,1.0,0.6,0.7,0.5,0.6,0.8,0.5,0.5,0.44007934130163384
2025-06-10,0.8,1.0,0.3,0.7,0.7,1.0,0.9,1.0,0.5,0.8,0.7,1.0,0.9,0.3,0.5,0.9,0.9,1.0,0.8,0.8,1.0,0.7,0.7,0.8,0.9,0.6,0.7,1.0,0.9,0.7,0.6,0.7,0.7,1.0,0.8,0.7,0.9,0.6,0.3,0.8,0.8,0.5,0.7,1.0,0.2,0.8,0.4,1.0,0.6,0.4,0.8,-0.11282858859337866
2025-06-11,0.8,0.9,0.4,1.0,0.9,0.2,0.5,1.0,0.1,0.5,0.8,0.4,0.6,0.5,0.9,0.3,0.4,0.3,0.1,0.5,0.9,1.0,0.4,0.3,0.1,0.3,0.5,0.8,0.8,0.6,0.9,0.1,0.1,0.7,0.3,0.1,0.7,0.5,0.3,0.7,0.5,0.6,1.0,0.7,1.0,1.0,0.3,0.8,0.5,0.4,0.8,-0.22697048146098395
2025-06-12,0.7,0.9,0.3,0.9,0.9,0.1,0.3,1.0,0.1,0.2,0.7,0.6,0.1,0.1,0.5,0.4,0.1,0.9,0.1,0.3,0.7,0.3,0.1,0.3,0.4,0.8,0.2,0.2,0.3,0.2,0.9,0.7,0.2,0.3,0.4,0.3,0.2,0.2,0.1,0.1,0.8,0.1,0.6,0.6,0.8,1.0,0.4,0.2,0.6,0.1,0.3,-0.2937437566358811
2025-06-13,0.4,0.9,1.0,0.4,0.7,0.4,0.8,0.8,0.8,1.0,0.2,1.0,1.0,0.5,0.6,1.0,0.5,0.6,1.0,0.1,0.9,0.9,0.4,0.3,1.0,0.4,0.6,0.2,0.3,0.4,0.5,1.0,1.0,0.8,1.0,0.3,1.0,0.9,1.0,0.9,0.9,0.3,0.6,0.9,0.3,0.7,0.4,1.0,1.0,0.7,0.3,-0.06312489276015835
2025-06-16,1.0,0.7,0.9,0.8,0.9,0.1,0.2,0.8,0.3,0.3,0.6,0.3,0.3,1.0,0.4,0.9,0.1,0.1,0.4,0.8,0.4,0.2,0.3,1.0,0.6,0.8,0.2,0.1,0.1,0.1,0.9,0.8,0.5,1.0,0.8,0.9,0.9,0.6,0.4,0.2,0.5,0.1,0.3,0.4,0.9,1.0,0.6,0.1,0.9,0.4,0.9,-0.020433946242641762
2025-06-17,0.9,0.7,0.8,0.5,0.8,0.2,0.2,0.4,0.2,0.6,0.1,0.5,0.6,0.4,0.6,0.7,0.4,0.8,0.4,0.3,0.7,0.5,0.7,0.9,0.2,0.1,0.2,0.1,0.3,0.4,0.1,0.5,0.3,0.3,0.8,0.5,0.8,0.5,0.8,0.7,0.2,0.2,0.8,0.1,0.4,0.9,0.1,0.5,0.8,0.9,0.7,-0.10544117574610323
2025-06-18,0.8,0.4,0.3,0.3,0.4,0.6,0.1,0.3,0.5,0.7,0.2,0.4,0.5,0.6,0.3,0.5,0.3,0.4,0.7,0.1,0.2,0.2,1.0,0.8,0.4,0.4,0.2,0.3,0.1,0.7,0.1,0.5,0.6,0.7,0.7,1.0,0.2,0.1,0.2,0.1,0.2,0.2,0.5,0.5,0.8,0.4,0.8,0.3,0.7,0.7,0.8,-0.07808148125459945
2025-06-19,0.6,0.5,0.2,0.2,0.5,0.9,0.2,0.4,1.0,0.8,1.0,0.8,0.3,0.7,0.8,0.6,0.9,0.2,0.9,1.0,1.0,0.9,0.9,0.9,0.7,0.4,0.6,0.8,1.0,0.9,0.4,0.6,0.6,0.9,0.7,0.9,0.6,0.4,0.9,0.5,0.6,0.6,0.2,0.2,0.7,1.0,0.2,0.4,0.6,0.8,0.9,0.07951993480598155
2025-06-20,0.6,0.1,0.6,0.2,0.1,0.2,0.2,0.9,0.9,0.5,0.3,0.8,0.5,0.9,0.9,0.5,0.9,0.1,0.5,0.8,1.0,0.5,0.4,0.9,0.2,0.4,0.7,0.1,0.3,0.2,0.1,0.1,0.6,0.1,0.1,0.4,0.5,0.1,0.6,0.4,0.1,0.4,0.1,0.6,0.8,0.5,0.1,0.2,0.5,0.7,0.3,-0.09201921034507948
2025-06-23,0.8,0.3,0.5,0.7,0.2,0.8,0.7,0.9,0.8,1.0,0.1,1.0,0.5,0.4,0.1,0.4,0.4,0.5,0.6,0.4,0.4,0.8,0.3,0.6,0.1,0.2,0.6,0.9,0.5,0.8,0.3,0.1,0.7,0.4,0.4,0.9,0.7,0.3,1.0,0.6,0.2,0.6,0.2,0.8,0.3,0.6,0.8,0.9,0.5,0.9,1.0,-0.05078231848790762
2025-06-24,1.0,0.3,0.5,1.0,0.7,1.0,0.9,1.0,0.7,1.0,1.0,0.8,0.9,0.9,0.9,0.9,1.0,0.7,1.0,0.4,1.0,1.0,0.9,0.4,0.7,0.3,1.0,1.0,0.8,0.9,0.2,0.9,0.7,0.5,0.5,0.9,0.8,0.9,1.0,1.0,0.6,1.0,0.5,0.3,0.6,0.9,0.5,0.4,0.8,0.7,0.5,0.0397956616455041
2025-06-25,1.0,0.2,0.7,1.0,0.6,1.0,0.9,1.0,0.6,0.7,1.0,0.8,0.9,0.6,0.1,0.1,0.9,0.4,1.0,0.1,0.7,1.0,1.0,0.4,0.5,0.4,0.6,1.0,0.9,1.0,0.7,0.3,0.9,0.9,0.2,0.5,1.0,0.7,0.9,0.3,0.7,1.0,0.9,0.8,0.4,0.6,0.9,1.0,0.3,1.0,0.8,-0.46351620113666486
2025-06-26,1.0,0.1,0.6,0.9,0.4,1.0,0.9,0.8,1.0,0.4,0.9,1.0,1.0,0.2,0.2,0.1,0.8,0.5,0.9,0.9,0.7,0.9,0.8,0.3,0.9,1.0,0.2,0.8,0.5,0.9,0.9,0.4,0.7,0.5,0.3,1.0,0.9,0.4,0.8,0.6,1.0,0.9,0.6,0.1,0.3,0.5,1.0,1.0,0.2,1.0,0.3,-0.29637405315507404
2025-06-27,0.8,0.2,0.8,0.8,0.3,0.8,0.7,0.7,0.8,0.7,0.9,1.0,0.7,0.8,0.3,0.7,0.5,0.2,0.7,0.6,0.5,0.9,0.9,0.7,0.6,0.9,0.3,1.0,0.6,0.7,1.0,0.9,1.0,0.7,0.4,0.9,0.9,0.9,0.4,0.6,0.9,0.7,0.8,0.7,0.1,0.3,1.0,0.5,0.1,0.3,0.9,-0.06462366418045583
2025-06-30,0.3,0.1,0.9,0.6,1.0,0.8,0.5,0.4,0.5,0.4,0.9,0.9,0.7,0.8,0.9,0.9,0.8,0.5,0.9,0.1,0.9,0.6,0.4,1.0,0.6,0.5,0.1,1.0,0.9,0.8,0.9,0.9,0.9,0.3,0.7,0.9,0.7,0.8,1.0,0.4,0.3,0.6,1.0,0.1,0.1,0.6,0.9,0.1,0.1,0.2,0.3,
2025-07-01,0.4,0.5,0.8,0.1,0.7,0.6,0.1,0.1,0.5,0.6,0.5,0.4,0.6,0.6,0.1,0.3,0.3,1.0,1.0,0.8,0.1,0.6,0.4,0.1,0.8,0.1,0.1,0.5,0.2,0.2,0.8,1.0,0.8,0.2,0.7,0.3,0.7,0.8,0.7,0.7,0.3,0.5,0.9,0.1,0.1,0.1,0.7,0.7,0.3,0.5,0.2,
2025-07-02,0.4,0.5,0.5,0.4,0.2,0.3,0.4,0.2,0.2,0.1,0.3,0.6,0.5,0.3,0.4,0.2,0.2,0.8,0.5,0.6,0.4,0.9,0.4,0.2,0.4,0.5,0.3,0.2,0.8,0.2,1.0,1.0,0.8,0.3,0.4,0.3,1.0,0.9,0.3,0.1,0.5,0.2,0.9,0.2,0.9,0.3,0.9,0.4,0.7,0.1,1.0,
2025-07-03,0.4,1.0,1.0,0.6,0.1,0.2,0.3,0.3,0.3,0.1,0.4,0.2,0.2,0.1,0.4,0.2,0.2,0.7,0.1,0.5,0.1,0.5,0.9,0.7,0.1,1.0,0.3,0.3,0.3,0.3,0.7,0.6,0.8,0.2,0.7,0.1,0.8,0.8,0.9,0.9,0.6,0.6,0.9,0.5,1.0,0.6,0.4,0.5,0.2,0.8,1.0,
2025-07-04,0.8,0.7,1.0,0.7,0.8,0.6,1.0,0.6,0.8,0.5,0.4,0.6,0.6,0.2,0.1,0.4,0.4,0.5,0.3,0.5,0.3,1.0,0.8,0.2,0.3,0.6,0.7,0.7,0.9,0.4,0.9,0.9,0.7,0.5,0.9,0.2,1.0,1.0,0.8,1.0,0.8,0.9,0.8,1.0,1.0,0.7,0.7,1.0,0.1,0.1,0.9,
