datetime,159529,159531,159561,159570,159611,159612,159655,159691,159699,159732,159755,159766,159770,159822,159851,159865,159922,159928,159980,159985,159992,510760,511220,511380,512070,512200,512400,512660,512800,512890,513030,513080,513090,513310,513350,513360,513390,513400,513520,513560,513630,513730,513750,513920,515220,515880,516010,517520,518850,588200,588800
2025-02-10,175.10503086035436,885.0425353667795,280.0827185891846,-279.47084206246257,-120.48618044913927,-238.44816218849965,-246.24823168777013,152.61485168228427,176.91922549320958,-1.1893601646560081,550.379398248599,617.4197245732757,-242.3640701550657,-458.52280298364474,1775.7046343958532,466.19315140545206,366.16162795137984,634.6513930079412,155.1843430451647,-9.36475385411024,133.01336037817805,-64.01512593140309,50.93761297470651,-22.615377952472528,757.158842028008,1553.1749528072357,17.562369823225225,141.6506422905312,40.70112648891842,153.42522331142564,-400.7749614048595,-411.41585573833174,303.2429018393756,235.7281228647136,1972.572306898897,-820.3542707712649,-347.9602326506323,120.30691695932242,4.348308373867028,590.8235405764344,-5.250335828927674,10.298509893764919,351.42897603079496,-4.055067200110385,751.1620349747351,707.1058288906894,797.7380871807329,178.340025602013,423.74173401222663,-545.5220179440778,156.56544589877365
2025-02-11,170.5736473207187,599.1508218727004,395.76610840481845,-204.37256432627487,-92.97068488613318,-262.6188932457113,-390.2470393443423,383.766080549622,311.69478374265975,194.14262475048125,379.33149845850085,809.5671008291106,-69.75468555848867,-1377.3680132031009,1117.9593516546724,166.9756635936429,515.5897966730639,528.927701409933,276.50333407258915,-340.6101232502855,324.31595011990373,347.20557216454995,170.70130966489307,222.53061423619013,937.2353550422366,1302.6412340320655,293.60472183972655,610.3472284242897,-114.18133597042169,235.7341167483344,-480.4629657653684,-359.2591728475615,104.23878743260471,320.0423798564942,930.2597332438971,-150.1791038328073,-285.4450869551629,3.601202811912462,62.40315964948509,-593.7134014815514,-47.332139619532214,146.49369529596504,361.52205683002086,216.1176326272411,727.854890504478,821.5233020848347,-54.224717684992015,117.51411040146479,38.883578369261855,-246.5260050655481,349.71436362073246
2025-02-12,584.8064995069095,313.0227396321973,961.9593983908152,-44.293971635981904,-134.22483382149906,-197.08029068659027,-369.186265604862,-0.7838877625464273,258.49648127217023,291.78473972877964,74.82900297906345,670.6926654601735,-276.35378393458234,-102.89611494214365,589.3522711322418,356.64020228268305,235.00946859266818,720.1677064486263,57.42882653599965,133.54659603362336,316.52821992647733,156.42448657808697,144.55998244149535,259.81448954681446,686.8187682607696,1349.6625203779095,219.2688618546424,434.55938180546354,-87.61112242039542,195.71650958263882,-315.6787062414116,-121.53481195388845,198.41652665870708,383.2682664935006,2479.4733760923973,-250.9760887974471,-326.6575140695221,-60.849945692386726,383.8732451927659,-1258.304831133527,-151.60372320298836,196.05636384661886,380.8090190645531,1.1120204709413177,548.6481740691822,983.4170658069754,-127.87193904777787,101.7330376117067,-168.03756363903477,-411.5889582116653,307.2649669445349
2025-02-13,1732.1316747913204,319.2831861523436,1853.5820701329724,82.3919751945437,91.92663259813442,-82.66230624119326,-438.8671204456066,28.99208938597328,282.57290927908696,-222.5563819747049,-186.9429194887509,654.4606610135687,-651.8157122001529,406.0660521824177,-173.18132150080595,700.0914229129388,507.96592398354244,518.5471653340863,205.8558779991037,249.5824496643994,767.8428440652887,-60.276377794993294,358.04495660664907,-185.28500591160318,1487.5342456378091,1735.4505632248272,365.40170864051413,349.333243560788,70.54144127668337,266.5264624904584,-26.265024087360658,149.18217897704642,-34.74639263736358,327.52819518241813,3247.8225075657087,-726.5317168357477,-378.02487881710726,58.37932504205912,211.81921500284741,170.82229346954674,130.11187505067727,324.52804236379717,280.97464961539504,222.72247348538187,490.659301137234,1187.029056919554,-216.13122724896488,115.83071548605913,-83.2837599603284,66.36982505486968,96.72116646076849
2025-02-14,1400.1702676869656,-236.89851291359906,2763.5356245592598,-127.54644026606395,348.80085623224426,-401.1226397704436,-470.46340270077144,-93.78845001853931,34.65458336457921,-180.95618544400304,-79.34801796095856,1171.675613056135,-534.2128470942322,461.89722482739137,-112.47461381724739,660.0178687657983,390.4050353143411,1646.7866193158486,316.5768478907379,-269.8016265651389,294.91677110769746,-59.98487708255831,153.55984948881425,4.749297471594438,1620.2482905385775,1321.634075755672,213.08993908540802,435.0463941008313,-266.74337597867896,413.3578721461205,142.7707942461319,-286.75698719254393,122.98950157793824,70.58830137671764,1223.299220260221,-671.2097463823108,-201.6965332727881,14.09568015406532,383.84919157769883,56.541026435170494,149.47324060113232,145.01388899056684,142.50150161277242,117.15146476404432,633.9401135953132,1070.8344976613196,-748.9836295976912,168.65157753752015,53.8634547597619,181.85804103977148,-189.89427757899688
2025-02-17,97.81168958683665,802.9364335033994,30.400908215808787,744.3225508222429,-128.440259020433,47.38484319115083,-137.36391115248045,-74.19523168881163,30.25368767906069,451.94421111399345,615.3847174671749,-184.5573589354553,1731.0427816979438,555.276165849897,379.1456921765629,-194.88130405354838,-11.054899882773539,-319.4166206649764,1.573530173005953,171.10797911453977,181.61559587189066,207.77003152047678,-16.929483277545838,-179.58528067071623,94.72114297289632,-125.79841536890609,18.828819015373526,161.76354960691754,-79.87540427799217,-74.18251515911729,71.26115836148266,95.91217948519022,552.1830229885799,602.7366604750733,251.06419893717896,134.25870456210166,185.0480614437827,-118.68365649096948,-210.01194969563886,269.32068649872264,-103.11620373732953,-72.79503475124955,182.10845918109152,-13.078073523230428,-145.84871671094058,1039.8577127481694,236.53665952194132,416.3032378088342,-7.2256110116263965,1243.4360123708404,913.8114149846625
2025-02-18,-406.90358481592506,570.4404198503809,-215.63269156729564,-81.49730170899858,-81.61525181959884,189.09423671173005,-485.86432101676536,-17.233328390649636,-38.60698884244503,548.3210976705503,398.65360784404885,-92.68840006499735,1061.6521037550563,107.36145791835632,310.8969892586018,24.26409629004304,-29.93440344893217,-205.19960612556406,16.5411072381984,85.72861751856215,186.13111397007015,247.1582825909498,24.86089271142161,44.32042205011648,111.54399972891125,-308.9284811521827,12.021691114485906,-41.474731877452896,-112.9188377191671,-96.15862794308589,-1051.600612264298,-252.6849926048751,318.92875239891043,618.3558952791863,-153.52699239372294,130.08010712476735,-221.43829129463614,-148.35711833048168,-304.4632511566281,272.60316964157664,-72.51062867366497,-172.80710857433596,289.1841623794477,-206.9862386504513,81.49275773145217,930.805502141389,-18.577258765854776,169.95121209163625,-3.949312586303092,649.2707797637985,620.7278399577239
2025-02-19,-395.38389198898227,609.1288633475391,-229.33607697378864,-676.4376733227779,-106.32023285376317,29.00508757279893,-458.7961543577681,221.14484032060324,-153.0262132944293,244.45738855866625,340.2663739909431,-9.358324045285881,206.14005740836683,342.4526012536316,317.65958127973613,183.03621087751583,-25.082141147985634,-91.49398749299898,-50.98857071037297,85.62520728330435,75.5560693660527,238.92242764967682,19.655253499244417,-54.077862478770754,170.9053578901033,224.9820664797021,-37.492979190303096,88.15859629712466,96.33683295659745,92.62219812627143,-953.5691758415359,-472.3471921119475,127.0207378123595,-32.255759321526774,-247.75227634321732,325.4803675358455,-86.58257233160286,-205.0463769951818,-526.0090422564739,1148.3385462124359,-44.53681107115302,-135.26792418893592,25.649215237209216,-267.1694143991168,-95.52789125965052,1230.621232118783,-629.872897211086,-108.77701664509992,28.658088894521075,61.658959188989485,524.1739215591222
2025-02-20,-389.84201978996765,-17.05185033463832,-454.982692077875,-664.4024954409302,-146.3741765766569,-364.19191255979206,-389.2686387897877,219.3794910589772,141.77813087342633,396.2085374751329,342.2594500436744,26.578467306879,560.4960773926372,369.371414847962,439.9157104405765,218.36830483588693,166.36574046380753,26.26039634018937,-87.0523495103287,127.13133541371165,170.44730733076742,155.12375777993503,5.369487680979342,-50.375752737414494,166.19878807516668,-101.36761637153064,-54.25721855432421,61.24591423300768,-94.81447814809326,-3.349926172220138,-355.9421098467855,17.928239403351487,537.8642975279071,-55.50150178989277,-442.6110378006568,124.76429879057557,-33.510895266749,-166.16903290662555,-541.579085592594,890.5544725991525,-85.51300852721593,-40.09895909738923,100.61372605375897,-225.6062224605737,-27.71564551266757,541.8432240226538,-547.5188759135525,-80.53842799274283,34.230695577268314,277.499420179232,495.65980164762277
2025-02-21,114.01751911974435,-322.7358638053529,-128.17422448696124,-853.3791760413332,-48.227770826326946,-361.84184729682585,-375.23573282470335,-9.262889864823132,31.61474514077059,858.6836783411665,110.99763284266321,89.27595695647408,52.81175004933438,428.96668301933755,1404.0408613762863,-181.46228647621126,106.88152627726943,-32.54317418153523,-10.609457909292516,522.9186704326131,198.49373557576848,176.55122891672127,14.821908176004447,-71.90772251593191,-19.282618457576657,177.53581951977827,-76.78827553218207,103.73147286792161,38.86203468511178,28.948418056485256,-237.34987716820433,270.0166243128198,-137.82993443638847,-136.09345648621587,-614.4478488844248,154.34797393530226,-41.859629078240346,-150.69338742219125,-286.33953686689017,781.7767937768256,-47.303570223386316,-119.03493314738587,48.827072142031874,-173.0382095894476,74.25067059114701,1474.2791940599843,-235.85291184220551,134.63068983679455,-154.41318993606043,644.4744848449573,412.23689530119566
2025-02-24,-672.7710223621127,-116.4923283908135,-107.40676661146792,629.2797549160247,593.0740351290295,-162.3617236366819,-42.83548466092152,32.43454303444433,130.68929477862943,-174.59944232522017,74.46065429917965,64.75205021980695,-20.652596678535087,165.4346054227479,50.58116790025201,34.296128220494225,204.3349722724464,-61.265031413853265,-87.91841918594164,-31.64227718419367,23.292650160871208,63.41501301822204,125.70817296783692,41.277824751617445,-28.187706950348467,131.62083917437297,65.15226797607083,-76.76570252788433,39.90120114929222,-39.465161593407615,-168.16476829473717,-412.6681939875291,-75.76577633525643,-429.3949526339818,-77.1677852730053,-15.262572258316236,96.70077648643901,-69.81093870404756,-351.63057942629564,-197.34187155339993,-171.56327785515742,-54.46899875738349,257.44182620023315,218.3666518764646,-288.3795390686695,-197.54743319478277,24.761783865737005,30.585333759941438,-327.76655174635465,255.4176832735409,-83.487919616378
2025-02-25,-76.44176545540006,-368.25982957727246,-885.1381792093601,438.2823367923807,1436.5462819091767,33.37837726119405,108.12312708695096,167.21028921056865,127.8431426239346,57.93629586119452,410.83328673047,169.27349512183457,-275.9858467349929,239.1006005772559,-300.184265922516,-38.59950355194546,-102.19837756989541,341.2068192078364,25.524901851635114,767.0799244866358,128.94465377251353,-132.27145472665762,359.68261847141747,13.563281662719309,77.19024247684237,4.350262972252256,116.86358991278114,-28.410415715887677,-67.89104734963645,131.53474992613224,100.99356874268655,208.2736029154578,36.805801901928646,-192.02875022144042,133.54344864297963,183.71299179523504,41.45218052681605,-90.5719870527469,-343.67379848043987,-45.72185960362374,207.3785888609429,-171.95515401598212,164.29885398595223,146.2598828841061,-194.64963840332703,332.3686052914699,-646.8377638833031,606.3797668976566,-48.708571326857076,-58.79476673859362,-309.32530457308627
2025-02-26,-138.45892673896967,-208.863497347309,-553.6484090056784,315.81937594685047,155.50162679779186,131.67319001596434,-11.18628586565934,-116.2568474507389,124.91710854267312,261.1271473059014,144.66897968398135,190.65375334519996,109.17403589436857,612.8496096163225,-400.9144481340911,104.60979606492945,79.21474304066935,618.9874332419953,12.008097378687147,791.1861518970694,86.46467724802021,-52.87663934069214,-8.490070760471792,42.85633288001908,17.75131249689999,-39.4372999452499,170.14776780997462,-84.34602951462209,-36.033244648702194,246.53201468742768,112.24533451245397,201.9023985509828,-226.28110094532732,-200.31273342166543,122.75507047069456,380.38066395225684,117.29412763976163,-182.09446839940424,-276.43737696736235,87.9941461241617,165.36970094672597,37.516941603055784,91.7125220180896,89.86529391047827,-338.03478347747875,313.8233720470974,544.801380873306,332.9384472706544,-17.611931560483963,-513.864102019459,16.722457386597856
2025-02-27,-102.62282509763317,-321.85869798262246,-555.8354270101972,843.8445124470848,658.1441592012267,60.226015305680875,-50.80151663286473,32.33337031435155,-70.69442799460488,856.1854854974446,88.91583071089616,195.88716635107244,1173.257954116501,-100.54998664546268,689.1008579299838,108.59544015161403,232.92274015326532,151.54861586628942,6.099955098497691,368.74792934584576,-73.97904807573532,71.40740502632373,164.54309620730407,-152.70806806836725,-91.95685470770782,-86.27749811229653,186.01788109616894,83.56601034035215,-18.55484327101045,56.600682396419856,111.55297071520552,336.19273060411774,-173.80079264055115,12.778770411489734,65.3314874543379,108.8887948356218,74.23403023446248,-47.55393459256706,-188.63115471660558,1463.072740180996,28.850469319934003,-59.59521061320323,8.078914496656214,239.61520820276323,-228.46035627018128,734.7723210250161,842.472405753054,289.62942991539427,469.7473482614466,-1141.7406721749794,-234.43197858103517
2025-02-28,-328.0120532735727,584.5574627975734,332.36533051942587,674.4793928667185,150.12198611994634,92.35874930467531,-75.39663232378057,-153.27266593998968,-80.69561366286553,128.50950193477283,126.04108846724378,16.113158366778467,306.3044033161889,-0.19253569598715725,555.5536831127137,-104.83374975872158,96.52619553360034,13.945216041413357,-68.19197969049544,607.1342806852582,20.983865926887436,282.59459898813554,204.22136850064226,-174.40917101726887,124.49825270765804,-66.1649685341366,-124.81895734490583,92.03001542496128,-139.34742717757993,4.237677789542136,48.20718769666108,489.96649015314483,1366.9958471749492,-910.1386620066114,-85.65848727386685,218.6249505260312,-58.997774524630856,78.28505289203345,42.90134679726032,1992.6675077388668,-100.13768869223732,14.913168617012563,357.9374077567521,-5.332161657781452,-243.11659492471225,173.5042793953781,-599.2366963532926,17.102887069382508,192.0732739473807,-185.1687117739346,449.3096209567054
2025-03-03,-201.1244781219313,736.155330442391,219.69694427058593,1228.8726821366724,55.251737803189954,146.03565081596918,-26.67258124147523,-10.603150038086666,262.91348712738574,559.7209304905683,240.34514471552,62.37865476910645,629.3377087247515,658.4720246349661,950.7339924156753,-14.285216768681208,308.4041831913956,43.670774525779876,-113.81681244733656,357.3701962771158,-256.03224036792324,-65.40685031303057,-105.5568483100952,-209.31089350144546,-193.79102219647982,-259.7141461370052,734.1050255024537,-87.61011342855127,-168.3268943575973,-165.75812493610385,454.96596228266696,277.3026324164186,780.8651774367542,39.21581220978985,-233.78578822819458,452.62262602866724,-40.64032554221463,126.8273925352583,-128.32530893003545,1583.0785772214933,-22.026001939101057,205.62113128882237,102.52991003118147,-124.6317461833719,-197.45134576611485,159.99063251185765,-71.37957290697638,-39.679195454963896,-116.39883906101531,-223.12924667595897,-96.5924353210395
2025-03-04,-806.0021959060279,-115.38914221237665,79.85451470188806,-38.350763177928876,4.987333829218393,380.7112988867744,287.67491226655017,47.58621238350126,67.24007281923026,-32.69158811326165,-41.012278572803986,119.10766527388296,121.74875816000939,292.57151133724284,-158.29785081999933,-163.33235964300084,-71.04569554856381,113.58000348949052,-85.16066375944011,164.80580267036348,-199.18982616343175,-114.45110163277012,-51.88333744677824,-96.51893821197395,-75.72231172975061,267.9544101233144,-95.6604182795494,-248.50181064642086,-118.00399864994706,-96.31261809740506,-308.3635945456643,-26.11125819235255,-89.4842371288067,-392.5428398424207,-414.12254541190316,6.985304971481499,-124.4950578489766,-68.62780511787082,-154.23334990208144,1893.6381832171219,-266.3069912171528,116.61269263991271,39.563220236313725,-83.93845616249668,-33.137964612506835,-125.61104986975307,135.03543903429625,614.7440532829376,-52.569466279331536,-417.2864425635558,-177.302911768006
2025-03-05,-718.6470296001512,86.68103476201173,55.47142136779627,486.61187481029265,-95.7093047665961,223.9193531607142,216.65941254256919,14.303745297447351,109.7944075605468,137.84593568414044,148.19697015706384,-18.32397094422062,116.0124896173033,-62.66700486082671,92.04275089629152,-139.19479873792756,-40.936125742036694,724.3479120146857,44.935948492694735,108.73166712211113,-77.95659048752435,-177.24163332486324,187.2520115817301,-149.94148893046733,-3.691617627519486,-51.90239521968127,-13.490226311304907,-94.0416163002801,-90.15850179167565,-38.81746933519847,-127.71781719887368,-276.5813037615008,-44.339370785683045,-220.4635575282017,-307.8498790263229,-655.7338117665239,-95.0155512424321,41.57189732617978,-143.33477774604341,2184.9970900702297,-72.82525923927763,-3.3554931558244565,78.62608324806375,-91.23202985824483,102.36378856908931,-9.240369517719557,476.8345836051573,290.81098783692426,-12.572501187768145,-243.0696967023994,-88.46878560133835
2025-03-06,-456.91194158206446,-86.27495737318783,299.488972082973,161.46682305299026,307.2673355232312,75.46811847659096,750.133064472821,-95.94062965274377,11.034690877321369,-46.13782592230773,-123.2024907280387,-53.664133235331946,-163.35566789640816,123.8667723579536,360.49576587339027,163.68294686118776,-77.9350123291989,-204.42584991759014,-353.9454229826298,632.9004181866318,-4.716219457524613,-171.73740549342511,-28.9567442777726,-200.22024671595517,288.5737687831593,-227.5281465161577,-15.03060026592115,-288.7088177000077,-240.78742520085143,6.544835709674624,-602.1996914927118,26.224711719447544,-547.580613995421,-328.86431387351143,289.212259288169,-1210.9838582235332,-13.801675394950456,211.70911468709227,-164.91188257252463,1914.6595641097344,-207.73218059034434,152.81409016085559,226.71548551835008,-100.85287911522212,-19.824325474029656,99.85587480956049,-143.39820589703157,197.70528055902545,1.9779271069646585,-411.01979123706064,-259.23431429389456
2025-03-07,-664.3744878972383,-80.54476869545486,-159.5362618624895,115.67314654599456,135.8680256724011,39.4908186025596,972.6666729362355,-388.9479693206415,-46.63201621177075,-275.01057534840584,328.6218004454125,75.89542950874979,115.01200517329717,-14.929800489233541,669.4277989015562,258.6311054807563,70.80040976162682,-192.17894412311594,-61.35212278356714,-2.8971743144533626,52.877279306821535,-44.77953537228096,27.73294025459047,-294.980099567489,-99.34478267236749,-13.244449496124128,-8.557077439668289,-357.82152879999506,-224.81276363102506,-113.6984808230563,-645.4347794989782,37.90329594646842,-514.5624399844066,-121.9753899649297,537.8766242952578,-1034.348601731435,-52.71311281298899,155.36979381395273,-43.440457847812006,407.77470270891143,-225.45968317948854,-13.640890842940776,-84.95667204781289,-91.85589249854773,-8.673058569429434,323.66305160137455,-0.5881409177466976,159.84449578737784,-12.560647849068458,-278.57398900007905,-395.3338028308702
2025-03-10,703.0457542507852,-71.7283898707422,-545.0487912584788,7.446245679002574,82.3862744564399,100.8863189164628,246.49494944787008,-22.081153104981,3.7146991288778346,-131.6030277989915,111.91570071065034,149.1064331224648,-343.1623301090844,-106.45803513901546,98.3035150771875,0.279582377992206,-206.96614958058933,53.58734962763229,75.67912096306719,-1.099636952911211,27.00625189537182,19.292522767977996,29.16278205225948,12.227445173079163,128.4318121369638,267.27906988314527,83.87762181266311,-241.46516582260702,-173.88121868025053,2.1437520561886103,-146.12087725048684,-251.14247914636297,533.3837759085649,28.143733654126017,613.1710342701027,221.29935501405845,95.56838124859549,-200.77091163914253,-143.5077786810399,-183.5776568547362,-30.336031875992454,-499.0059232155198,3.0699778140842855,-93.20293406719166,271.08484029578386,148.25193144858684,287.7241077997789,75.981721915992,75.69977917897064,-112.40380676941005,-206.55690247954973
2025-03-11,966.3748784580191,-54.47818249023161,-348.0495555245336,9.20740453676073,183.2560779192112,282.23296818496397,110.36384666097823,21.906352643862956,11.464759199051699,-71.83803338071588,74.12299632852539,-12.43482125474874,-116.15322547308797,-188.91154286702206,327.37985052894004,0.7698213570638366,6.795212354272344,105.23128624101103,94.5517177488543,-114.21226437664035,13.448787941097404,136.66034118431142,-309.4098103918572,-68.8959877398786,-50.375321351520356,321.5811613434643,129.6777594130191,-155.71446364512187,-230.9502260480218,-1.099636952911211,-243.5593543599285,-438.8614068450003,300.2634769123007,431.9886938349384,852.1892424969772,-623.5858880406863,189.40285995758225,-153.6994577138997,-323.5526080239462,-472.9239407416955,17.58205929366803,291.5805609945473,-350.22086340026965,-314.62723478852837,195.4340235123232,117.08051574146508,-196.26104427616673,208.43300264325129,24.295794429412318,126.8449150463965,-263.3779524768008
2025-03-12,233.5158178591297,-43.6505164547015,-461.07213602330677,49.60127301336691,-29.914363123589368,-163.79484325862367,-144.6784771934824,5.630689938247755,35.563421279132406,-289.28135715905154,47.60525541429024,77.93191320639151,-312.4840562480442,-199.14963607904747,90.59650971262232,11.444410095054783,-67.91154094231472,-19.941376282113126,91.96060775037442,10.120793206194328,159.18357643665954,158.49806821349435,8.283943472567756,41.35720810963218,-47.626149898794274,280.2773198164724,-19.253879352032428,-379.27933013840124,-59.1316635629819,88.38149494984314,-218.36337835960992,-472.11247124129306,13.546448809406636,437.50972150344927,652.8261480183334,-520.0084402167224,-332.2188719246485,11.834639546673984,-345.85125614347834,-622.64099273947,28.14125149836806,-426.07782742075545,-216.29869383803637,-326.50682578850166,456.4924689697799,-435.560687401063,-232.08881481599605,40.0261156833251,5.297638026263584,-140.40127607400922,-297.87603811138536
2025-03-13,200.1981254960085,17.297452617657896,-74.83004399438273,123.91219169948373,-3.939398067121738,1153.8062180368129,-128.7661866399984,28.58071382005379,94.6644925760984,-321.3710963495241,-14.59563200801195,108.48597308987836,-171.4631049335555,-245.7279949541632,322.7753103117307,7.8873870923554215,-10.825932079170919,179.73578636874467,116.61813197682501,11.325412174359386,254.5892491084807,128.83515575497913,-158.60075666646324,35.92438354124466,81.63306058310303,482.0327026272358,-10.493342151698798,-259.6983774309971,9.503202814857833,79.39769274433398,-87.50878939326746,0.4947623764979956,470.1359592159013,-186.02685230765448,606.5960704218451,-505.3439845407797,-293.6651066748592,-76.33385488895557,-247.36583257689125,-565.7701743649757,26.298707003665015,-237.26314598202683,-64.99465853641586,-310.724684734715,274.4248658373959,74.68349672465509,-38.50454737374191,91.13946740650286,76.28523617818992,148.38765217853748,-346.9134182846737
2025-03-14,299.1483160229115,134.97294311678553,-255.9582794218742,44.95181781986378,-47.18940471914958,974.1431548299397,-234.75124954436848,2.6420040261325344,27.251971405915647,355.40416149984725,-55.84822027262991,5.789417308519097,-243.287364823672,413.8381491658552,-35.249809133537426,12.579841695386971,-252.093062231513,11.232492624192169,86.40696487158873,5.426571988249972,164.98256020835558,-42.13911452983417,100.16294062118952,72.47734081618357,1.2001053453526365,187.91746425455463,42.085678782377684,-341.06521782861483,17.671246284955718,20.134397003368704,-220.16842592757106,-295.1185339501521,-0.9216360521212513,-704.6226462596918,239.02152237042915,163.07461906637684,284.1479625159761,215.85544092061477,-64.08955406032194,-997.7094609373323,28.127932406751633,-183.27987271607716,163.79049678963892,-267.2227700509189,554.95378023942,591.1839958748566,59.03307805482828,79.013559522048,-62.94647630182435,562.3055251060317,149.25839787672797
2025-03-17,-412.39729423147907,-111.59384859943758,620.0438526556616,99.31792615247518,1.420913576588296,363.57707195082634,638.9927975885388,158.86090724153206,-105.67127368520357,-172.89101105085655,89.30302994720338,-311.14470831359455,-89.60889575867706,-345.74029570262314,-111.65642444598173,-64.80141552190473,56.41051743152475,-338.28881631488923,-54.71466656144328,52.506809754549266,78.38989695058024,162.00754983306098,192.5840467144958,143.6302503374458,-174.91549190811696,-339.112764472773,-21.397974336109673,-19.85251906370886,5.254019515659978,150.3453024863614,178.14231489804007,380.2240627903887,-186.4677550212951,-3.5380511957463496,309.45451491141773,187.3870533959093,464.9718267295051,262.0523981258517,73.4810904469539,119.55927626504352,-23.804396202303774,419.045236252843,-110.7615207239397,-101.55845869257213,-61.06725730364431,-468.49009744715966,-365.1490187231125,7.746742852300228,-85.87744466929304,-346.280712283055,-78.38720227312815
2025-03-18,256.63487456996563,-109.88548113889284,-152.55998186428158,-294.0327792389934,252.13896124827983,985.7445161746787,424.7843867581423,168.8818514075049,-104.78942643653225,-286.26469998898733,-234.53417476505535,-230.19318734497443,-310.335981405525,-501.17797288928165,-294.9245857036033,85.10958168357266,23.62191751490019,-252.567508891256,-66.68810038262563,-4.99105754141514,-188.84893197912862,114.08400761377145,80.75686464348206,214.1718283731691,-72.52045672901757,-218.3615714515143,37.91538417833694,26.96453294518555,90.40122277198445,67.53631376335943,-42.39054968430018,136.11554065916118,-278.22507183280754,86.38296952300476,1378.8234096995382,-152.86659644227615,427.15289863094455,40.09158875439219,-70.05107592880232,-130.83701868447542,137.3825581386624,883.8299415357152,-254.14124994856218,-58.733851958414036,174.5736859722237,-631.2247869191676,-494.8887656213514,-16.959427367452932,-254.46588799928884,-329.5496742588801,-176.0876037788277
2025-03-19,595.8926635064759,144.0150683896018,586.9038528599315,-50.33502758688442,-4.057754933171312,1304.7531516157626,694.2152953208888,143.09533471196124,134.99147327342928,-110.20901617821633,-200.55311439594703,-78.05249642234917,-105.52705589203283,-402.3671101445623,155.32603180311997,186.48931800275614,231.77880632088153,110.85795068836154,-104.84478327075131,-119.33666445221742,57.5899458267812,348.116879796819,138.4275842956739,288.23199197386134,232.98814422992902,-58.40999327300818,-70.3945446791866,8.560351518503365,90.25752952249303,215.43431000727531,-242.8476958927611,-90.221729893808,105.69654845038134,104.90788309338329,1698.5316879340407,358.6043884589184,469.755854152504,49.37049158812157,101.31609134968897,-199.40529063642683,84.4879881275457,705.6139766201585,18.01252511930852,140.4132917140194,128.49086170449533,-536.5794953796238,436.061967506384,-42.81893872989737,-283.1533764469722,-187.1928436179246,-14.636533486948787
2025-03-20,182.52882360869285,258.7749005806938,628.4222061617279,-429.92568306737286,-131.3730975565233,799.0525638688418,1199.1994881260503,75.71674768489338,259.3799228049659,-134.00219184472664,57.51343072248766,-139.88047330232823,-118.92139371813529,-167.72779697544001,300.06587515533613,30.450367957104554,389.41582404414123,139.4880939515005,-99.49671278634894,-15.279523624502142,26.11391695575795,231.67914035797475,78.39810420738993,188.01221710805882,-13.558861335055285,133.48365228982618,8.039016602187969,-191.2103404150136,89.57411368741961,124.7087237592186,-502.21538112177046,-363.3758623310277,-71.74275512482653,-48.17267664325136,1772.8596484535717,330.19211646080726,596.3076215569849,-11.990004121276572,-159.51490308650762,59.197575822140216,138.61527421168455,1171.5254370120524,300.9077561058148,331.65724115667354,117.1110981492214,-535.35041338662,80.51497117597131,53.50144340756864,-375.77325322771014,-145.86457267022973,-40.5809681348953
2025-03-21,260.72647545056185,127.83629051008175,1843.9515772546683,-1.3999932280628131,-38.6949083239422,1166.9661454447469,1044.1192618031532,26.40055208182668,289.24406517664937,-91.60880925285171,227.05758105726352,15.460454283605591,95.45512515692026,-157.5120686168033,67.4855407286461,74.00710868814205,540.5949742445356,153.05922088207342,-61.236177149824535,-111.32392058119822,41.30155417679032,190.65608517644918,122.77246176498998,36.72088842491182,213.38737633456196,84.30573056990757,44.51288160929503,-193.25550530325404,152.36404208451376,91.56253229163038,-1003.3850878548255,-358.4154539100198,236.0948130594099,27.579536881235054,1618.9001280260459,222.00672497455156,-19.223082125508583,-330.97060203310446,5.037411980872063,331.2977545787129,153.8187237000912,1086.7363818997171,161.65370155461738,277.60443664264653,204.5770113015296,-445.04385108726586,234.75252180821408,-31.208027131113454,-249.22681154273786,-255.75041869152105,86.11613536097246
2025-03-24,115.43040292357861,136.420034672863,-389.36305537802053,-81.17530482869277,68.86290209504376,549.7864125235756,144.56360569729807,-118.91699330863668,735.7061362835082,4.718215569619712,-287.67547667659835,-262.2595311793204,482.95395864054933,650.2654243020015,319.0458937391143,27.519783306077816,32.40040102932932,-166.31581964547195,-48.78559548841117,-426.1151655994899,112.96332373370929,-178.6941968044745,-78.25364483859411,18.084280546893698,609.6650706978064,89.22818152392047,-147.56483108973396,27.199830399481417,335.8372823659299,40.22206378313774,-423.8630474423711,-583.8282543812179,102.15013356038553,-295.4443752846741,665.4455963978476,87.59781721797954,95.22513881031443,-34.54399357364716,83.41662152480605,-310.8543670582372,-94.37616388292922,114.22910431874458,291.3789518838883,-59.28807755738219,73.55607629294144,65.21701089336266,108.13998017223992,-85.30569276527112,215.0728994579709,-336.6010018941602,-235.9779448779284
2025-03-25,524.1210199698919,-94.50670030138156,-193.5309963242522,394.7969008670425,1.7783518407139136,1286.5322091358144,-53.92460088099882,-80.39680411659974,343.34520887417324,-144.71409560191103,-57.611908013064074,-21.85074167548859,273.2275276819519,166.47144766109108,-500.72306666462515,147.73438178423658,-170.49417509708218,-77.75730842500353,191.7285774276092,-134.87843035275492,-57.28026746572092,-195.689268370155,63.9688251474674,-202.03118910775441,270.69456342212885,-24.791081294390633,-238.57419693508993,-7.09474403778891,193.45361297197914,23.249057841796333,-196.35384905227096,-717.4136630619724,-36.049309344726375,278.42221161770823,448.7955967474912,175.92776965557928,-123.83912828960645,-33.5378022663608,-100.36912669922468,-59.639473963917574,91.16175293998522,419.31148409619146,202.01428486594864,-48.520937971963676,125.16838837148968,-20.277209312252754,5.054013102032261,-71.108683958482,84.68555622959984,-99.92303194369268,-69.619974114673
2025-03-26,311.54097583163946,301.22847572566394,-123.04177402708838,365.7574129200513,18.97537476834633,2765.859711855372,4.884224522127344,-141.07653610795592,196.81548537824284,-104.98270524696017,131.80603233270895,-3.446161602530619,70.87598311112552,-159.36989002873304,112.62322428396863,-167.17857218323786,948.8413365811818,-42.36729875171455,116.80119986127296,-27.875016169217556,-7.127619391090487,35.570672450203055,3.540549860622331,-217.46566259885338,282.05926420878194,244.75766510772462,-69.433401992641,32.66379109262656,211.92204039577325,-26.482643772950393,-602.965477447837,-509.6209707855814,-102.81066014917504,250.0114077908448,506.4536709160972,269.11073725925,-234.50397738254952,-50.72475741906653,-180.5359016646944,-376.88550883289037,-91.57415695055394,231.80280867407367,162.65327402791365,-85.46109066617339,193.72464542525964,151.85808393429681,1080.7008650776288,-99.40182652523218,-51.321895388475745,-232.87117732396447,62.80873037128179
2025-03-27,307.7983393466623,222.95161488294542,160.23290251007722,-196.8101673895165,198.00573867602705,206.66906593994446,10.171535952842067,176.29329436766307,283.9080739171349,-43.66679943047811,-17.431895830615115,256.74167291393894,306.77666898136846,-484.4601787556206,-269.34115850745417,-65.7181710585897,-103.27868887383306,55.201452543289236,-35.28632693881694,-231.2622968296464,35.431595737559114,-164.7046029459209,-39.3675535641382,-251.05754602004194,565.11112989196,166.3777209644976,53.43675117025849,151.72794641349944,91.9181031784679,-7.61208481350177,-576.2812377164319,-479.13778168651294,-141.6551936265622,486.7556297090961,405.63417196428827,-14.875761502077406,-72.93981389107991,-47.293200403929575,-82.57480146334095,-234.6423100066002,-167.88725950267883,257.04053516036237,323.2207114606425,-163.60435046442333,209.62770661938075,2.053588367941348,209.53952752366826,-37.00464825430111,-189.7510504746911,-992.3820121415256,-565.7083177154068
2025-03-28,254.67002115181361,140.9122202344479,135.50206132415622,-516.1134361758267,364.7694130552931,129.77682443279713,1.4641195579639013,52.81207812385092,472.6314206093171,6.7228225890718605,120.53520201046102,1080.8529739558307,11.901091339861953,-2.2063165784898864,-19.73076934446539,194.11912693673966,283.36137046529484,-38.66834813803738,141.0261148988657,-185.6635702916717,-19.19354367085621,-126.15716829016068,-2.3064927372824933,-156.80666568018117,229.275509381424,157.7037182430118,148.74088647108732,291.41516081072865,-63.29288266671116,-150.7151675200502,-570.5199178708851,-392.33806966790587,82.08880833167674,467.01978364771963,373.2951428977614,337.9327712197957,-27.64246085346836,-47.955599670365665,-30.447081176773015,-326.53741109677594,295.90366619788256,201.321119809101,58.64198679338829,-142.04171611204006,781.8265454181766,104.68002046633973,134.84998826217685,-259.04512900032165,-79.45692528166148,-513.1652782812574,-13.960994892113856
2025-03-31,-1645.3801421083244,341.3608180707272,-320.5346594539317,-735.6125077818788,-126.89120084339623,-827.1121542076268,-1217.7247461560748,-182.55633028850048,-94.95530701579908,-377.0068551004763,-516.1832520581783,19.686197062268718,-45.82875716542691,-2964.953781632997,-1092.1958213577955,189.77472812061166,-909.2759514512675,267.91980837604643,81.726502371106,208.5224324942285,-691.2765179344677,-96.11318792739624,163.41894896546034,-414.91376239687196,-140.3538998347708,-258.26757944214677,-589.7700960501944,20.784403688273244,144.2801111769413,-62.415767568188,-1262.5718946432294,-1484.5375075667298,-604.9346657771335,3.6503850507677957,-966.7856519549924,-1266.5055679717545,-378.5743496244836,-323.951059350049,-545.1089537747969,-1361.820265351078,-425.5957615529495,-735.8849822033984,-786.591069805041,-803.2293963333005,-522.9307421943096,-553.7642083556884,-723.0720113180658,-215.3703914740584,-119.06620158100336,-699.6954322545372,-707.2217781124407
2025-04-01,-1198.0634796893369,-660.6840058869,-659.9354858496637,-1322.7888329036018,-73.90603144446374,-39.76898397603259,-435.51803859681354,-175.11110925877517,25.956350433512995,-819.4830468625646,-486.47458767643167,-9.46638447572873,-581.5410298962171,-1515.2021656725146,-489.6546832271067,-99.40464939340646,-769.3781790195139,234.03415170217843,50.43717312759004,389.6220289486294,-650.0064027906418,-524.9452844977799,204.58453333799673,-234.4562083013482,-122.0784368855031,99.68510407613215,-716.0027189861261,263.49952753294343,233.85908979172504,-132.15227326812516,-754.7741292618412,-1228.0386873223288,-657.0638121623998,346.8024109123388,-711.2298363482231,-553.5939224515732,490.05083541529984,-410.59891940541104,-55.907795193303656,-1759.4771818529323,-203.22013680104743,-523.9152144328367,-619.7588207940087,-739.5328197007124,-128.6887596978364,-748.1004770059011,-1159.241034037497,-41.444360417674176,-148.00291672566294,-553.7164690410415,-666.7870729312198
2025-04-02,-1190.8758704350125,-1093.0851412353122,-260.6060781876143,-1091.0095332043265,118.9481791042239,-721.8803907750685,-820.5592745181387,-129.01419966249006,-182.0992540951239,-497.42599360706953,-706.6299394418248,355.4425856786186,-447.70458899176384,405.33794838089005,-355.3663705399448,365.9432317820495,-550.3187217261126,186.2155748593473,-74.84707126469881,266.1643577203809,-671.9283617148627,-171.85931777278702,174.5360268500129,-151.2247219698351,-267.1686307125759,2.489507119658328,-418.0159677068407,469.88931690681187,161.43039702111687,-72.7169186415893,-960.5483942153611,-1357.0034026012243,-809.9747520180617,321.5509599633807,-642.3750121404314,-303.71525109947726,-122.47764403564102,-375.9888923874824,39.98086438555566,-1567.0949200871216,-55.59824968430195,-259.70508563156017,-986.3215582247702,-577.0430632890434,-134.58141607546665,-281.913824998293,-772.0385299096212,-165.39140276800092,-58.636097292207324,37.725576780193876,-897.1873233528522
2025-04-03,-1048.970661619826,-1070.4238236994886,-356.6615445177027,-980.9394030505247,-88.50101233540599,-875.0756486883275,-505.2698566681657,-202.91189598388905,361.0765202116043,523.2049607245597,-787.2114951231484,335.27839960822246,-728.6526731572831,596.1191329544735,-1042.9117225584023,-164.24300966640823,40.94987481427984,53.67939632679503,-64.91787138557854,-205.642388550437,-369.7041253706858,-8.604856674249561,242.3767246828065,-186.7157826560648,-11.565762445649682,-201.12294655874746,-121.95282918444849,327.55640417290374,130.80953356458124,-102.54093859566393,-858.2948471049139,-1983.736069683095,-1151.8033418300274,-69.2566350021097,-472.62177634601636,-1001.255914139668,-400.2018932270976,-690.6367078334555,-84.66472368075307,-1350.831258456012,-51.0849095680156,-509.54800160835345,-404.85962354973555,-142.9130196926411,-346.0332766060728,434.5983259247659,-1365.7730142996938,-349.1177188105207,-17.256525559804118,-579.7625465033257,-1058.996634956516
2025-04-07,253.37501459867215,-127.31323882764194,-207.99767533744105,-697.3337290985563,-713.5809743066103,-332.3374756101318,-453.23596110607775,-1154.4524373558652,-782.6094853525009,410.0640610962098,-257.13498185397754,-490.59877237704404,102.4664927134378,584.2094266940508,158.56905666364193,149.67094573440258,-734.4042718452455,728.9870127240657,-156.62449874010156,-334.8666442383586,-629.0038761813942,-945.2985452058339,-0.9169125123769186,266.20994104268937,-705.2445725088693,-880.4154808738803,82.48950691585863,624.0449407009693,232.03013470211687,-1055.9054107378895,-270.353646229351,-549.8398980742527,-143.22503748843428,197.2375374896564,-1084.863359935498,-288.934817777805,-491.8690028443466,-663.6108872036286,-797.8430860735767,-52.75059202966399,-850.1216077358521,-1039.7087118899067,-1404.1174886833574,-1047.6463278997605,-1285.8881656879378,-476.58254642509496,-125.4604974573563,89.3532588253184,-187.77931037044414,1227.6563132037204,-694.8390236334835
2025-04-08,-41.969304034148976,389.0891677958264,-384.67791584357036,-931.7865552728683,-211.95982491931642,-292.09797771021056,-333.01869462057834,-642.8329934793948,-21.305217977156047,856.2992357303218,305.9206130181341,-549.4095890883001,322.0834448317499,1356.869642623969,615.7647586822145,-195.4208246156931,-337.45396240157817,-227.16031167248798,-288.23058259333334,-547.9830357054465,-1003.753214462294,-755.4987156199808,19.050516170982245,429.3253384656769,-972.4935140255706,-114.35855043684643,-154.43401224006058,154.4644019037133,292.14992910952424,-879.1643520735928,-205.9458733913275,-413.13237140691365,473.5276769357555,435.14126240978817,-307.3449424372546,740.3709033029307,-508.68537056466744,-385.13957115677374,-852.7258985396683,177.40815557968244,-682.9623489397235,-787.8606434897503,-562.3460950051013,-776.0242014599629,-897.2791821326383,1024.0341132573049,147.1967023743299,-151.1412511554527,-241.2323226848894,1180.9188038215548,141.67384739785604
2025-04-09,83.21052657589023,935.9179330047806,-298.3466206989258,-269.1724836901313,114.14555191420735,-426.95676864191665,-357.1844908844016,-209.65265542775563,159.64656981591912,838.6397418360258,402.99704890145614,69.49097264997653,811.4036552183155,400.6252069217481,947.0015146282343,-258.98403123518017,-94.21648612678585,-595.7471131784409,-96.16014945449318,-478.14564772256733,145.80869412669432,-400.58982575291,28.10222609330075,464.44172389685616,-703.1807115406265,395.85833951247525,98.62779918204117,227.5946003732335,523.154246142018,-750.1455201877826,-142.1327147435543,-334.2654484209688,424.5438170951538,465.57031447416944,774.2882236891306,857.9969744562386,-570.5235449237027,-294.44441964053965,-768.6025714885287,318.9084328813909,-290.91773872624344,-466.14924846867416,150.62423473882194,-419.3161861278653,-797.98659696248,1091.467091927347,445.08911481674744,207.33548476663051,-145.65044790798652,642.0318952469514,540.0793217955937
2025-04-10,157.37083507529007,1027.1624994201425,-425.70989324227,-310.6145864440396,233.4379050944002,-772.9159536500478,-512.2197308957645,632.0765565746098,310.4219960275128,806.3111933705956,520.3593446334828,-649.860096043183,1026.8239069701747,349.11009576099207,1130.3544520260984,-428.4890319731728,299.4230132807904,-677.7013125136223,27.094615343120235,-190.96282800516113,-310.82540882133685,779.5794429427233,42.5901827940977,189.39628341081044,580.7612110455938,226.96512240218365,505.24683993853296,45.02669894906431,529.9282372317817,-572.1076848095892,68.97478623813082,-261.71338934221416,216.50057383341874,244.29170399077879,464.36842565059146,660.2267791796995,-563.9640515130683,-329.7420394139094,-717.3646780645125,260.5534467186303,523.5756601814071,-520.6333781978914,417.22589779535133,232.53037250766403,-925.486121662464,761.373964063458,671.4807565715071,462.9715679875552,-373.53944730506197,277.7809608419834,516.1840995022911
2025-04-11,325.9601749417835,841.8622173915238,-239.33906020743495,-1151.5089878446756,320.1915142028422,-171.18083820445622,-497.9903038870389,-120.87640983340958,-176.77998051231663,851.978063723569,376.3148829054203,-418.4250394785736,1153.940907989035,363.0880687042536,1074.7930877506908,64.42308569590786,521.602035564089,-366.6004168541185,-127.12771809657076,-250.60635909276397,-917.1446804411177,443.9855543410757,106.62771969807021,163.6660365841014,-20.48445414096834,240.56239594210993,261.03313308916654,-153.51277014181065,382.5795867218842,-29.157753312840256,258.3474309440042,-621.0952859397198,-805.651145232906,154.0193749503433,258.3771198286079,-3.386473453201874,-816.0055084478,-446.1497715558514,-1241.3121478756568,452.2465989551446,65.55014660475085,-479.2951505590356,48.89890747571421,-53.43831700311587,-40.617601680695444,922.3537747949616,710.7983006191323,249.72388516233636,-205.85437586695704,-645.8378824936322,299.5812141273191
2025-04-14,-132.10162699628466,183.56331800684782,16.614929000453827,31.65551746832154,280.40864943209317,51.79442735776205,-708.4707680656978,204.95939347504026,-47.99153614191353,554.2435751804989,125.6157088110107,136.2200609410685,-117.64013883150363,-378.9143398971624,-19.73858145409708,-34.98624018526834,205.13014742757866,-421.7392475575011,75.32474712963113,-342.73223005043485,-62.671588671509575,84.09459845250456,43.63509204402541,242.44567688073255,-219.396637531417,158.45384814290156,163.83232924755177,-372.4973411270161,224.52149422260527,234.78092986408478,14.917020800295383,-95.70385995718547,-122.28793449062752,171.56830837081975,-305.9325279508246,263.26420510474327,-864.533675675108,-719.670027819077,-216.31389677872784,-189.15913958610525,120.0667914857328,-953.5620813938455,66.1990954501416,115.74692963958297,-406.4748076209536,185.30492361012676,189.9755613483157,139.59062264696803,173.52002061473812,-580.8302834585987,-11.633907868917554
2025-04-15,-644.1059517223114,231.5582317306806,-458.02884495464457,-359.14834818631624,287.80816684737465,149.24863294934403,-802.1683617573665,-87.2404907051797,-334.99061930020434,309.0651517048614,569.3086691634003,89.63645040570225,272.36267837716105,-263.0455811068689,491.7850189125239,446.32463311478386,262.9084584391643,60.615345456498176,9.386247305969778,-9.46670670057594,-181.55087044617807,-212.51073353348158,-2.4813144542268333,465.7762007319177,-411.4040029577719,-160.46114837917594,71.17008450473661,-188.83973472463808,261.30987499290706,240.65391970693693,-180.41681014124015,44.52032026873712,-530.1929866815652,429.72224862891574,-148.29458917690903,45.73155949497934,-1176.0252890200584,-622.9587467321097,-745.1351904628192,-475.59383302767867,111.75784923082358,-1434.8240377237305,73.38126806944899,-73.78501210399133,-348.0035331660713,32.136291805410465,739.0763701721105,-29.14729691610043,-381.33284329052117,-869.4209434495975,238.46163649681796
2025-04-16,-41.20251739819274,469.4645516242572,-479.1836171166283,-646.6033715969655,110.2546724679262,-640.811659289447,-805.3481099096398,-361.20407019119904,-706.3133080467661,578.2170456475604,305.63582560647126,-237.71308234587303,683.7570810322719,-88.52773354606023,792.1685015985769,210.56959844023027,-232.83910950412434,484.5440700220293,-124.80005953483305,-60.22929164018882,-211.60654491131828,-290.60394878900917,-39.08503458750495,331.9602415074231,-728.8531710816118,-264.8523595257098,-41.95160011295829,-349.3276494534807,247.19027307839298,135.93003777843575,-169.76492914781772,22.85199960482629,-440.7327488742738,853.4418143946615,-400.1409706449486,371.64516956112504,-1256.0746904441728,-758.6373636832594,-898.8682492616044,-421.5597871941383,-217.3158781059584,-1637.2648606840553,-152.42609497252852,-400.2944903928823,-443.7761248949405,710.7366508022201,721.5323131396084,-110.59911716458092,-351.0437522397451,-1248.3754502839372,-114.9158786243887
2025-04-17,-100.34446359873039,587.7752934058805,-477.4305995158287,-978.1151567252947,-20.779428582867077,-225.10120861597585,-1175.9342695643343,-377.71638879799804,-824.8897090778263,764.5224739123989,346.5764760552503,142.49995601154797,692.2853576806993,96.22726878282926,878.911851698626,466.0585219232489,-37.01671576309458,589.131767390185,-253.75840371421447,-61.42807378650899,-412.3735233961845,-493.89762338010996,50.0736709298677,468.25126751169194,-533.2817693770602,228.57610867026364,15.076758285571202,-347.604366648493,386.11678711589184,128.889457138958,-233.9307666125811,-112.0292580206134,-271.3925870274392,1635.0009341605416,-581.5006754290999,628.8654622981502,-1079.5095119292826,-1009.3884917064836,-1042.128716989604,-436.22750014467,-364.42503348215996,-1576.8619097137089,-218.99040640500755,-509.24883738361433,-572.8315606600285,833.5078280277124,715.641410686561,518.3427637230399,-87.01391418244737,-373.83813025298,-19.990215903308297
2025-04-18,-526.9961271202184,672.5781402784999,-502.1172039172801,-717.6388551086358,-126.37651483106129,72.02620388937447,-1192.4409550463308,-557.5686431114708,-812.597176602881,815.9887177153527,215.91415567391593,492.7134009498092,857.2585998853837,-314.95044100464577,1075.8244886203302,458.9199619363329,-157.17448445660102,392.1318003450632,-257.5921351150478,-102.5937751701522,-442.871034847673,-445.5043307761565,50.24276562950588,376.116753337061,-539.0619473677648,-120.29410411842854,-11.367445701950118,-801.5200434703721,389.1096498537866,-8.010082094204655,-922.2230583963247,-272.796359527159,-200.506581899548,1538.6448816226628,-1153.5778321827597,632.9253220979216,-1380.5959618671848,-974.806595505772,-1360.7593729027656,-419.4342941565095,-452.3406159228374,-1667.2510463243273,-142.59750256888253,-670.0659310469023,-572.628740821033,593.8907451549621,568.3355155659756,1097.622545264915,-157.4130753018029,-99.68583594127469,-110.3195094566295
2025-04-21,112.33435436699837,120.58414146116787,317.965672176503,-19.31261949405707,-80.00563994497443,-92.82829038526152,75.27698878398785,177.41550192003794,0.9349101191856892,124.74769949475184,-44.81983566352676,78.76556121627982,127.39481019123262,137.75894730582016,179.22699990283402,-163.8610176268785,90.97760407803254,-363.3616494517979,87.59180821913831,-77.98968415624243,-29.135054906009582,57.70717445905371,-164.22633574581474,78.16329752865822,204.54047869615323,51.958170044584485,-214.84497793945064,-13.350144491741174,-411.8852664722621,-25.335099098181242,36.454094417165855,296.40374502828865,-232.49224015059318,78.78674183074847,218.75113152936152,324.24064932505945,259.57788685105976,193.54788339204083,287.24538394188573,168.91304624739593,-138.73962294530634,124.17526374705074,101.82810272183072,92.15464474136729,138.47367431836892,35.15520107297918,89.00725583683258,-899.5589552236709,-88.53065275477036,-456.8233304001759,54.93280313789052
2025-04-22,95.31663147706188,151.21113422687657,288.48785417420663,-696.2338323797339,-288.0626600118168,-256.7632299395324,164.54263947485447,-9.886240596324702,-19.30239590262327,193.2297642515888,124.05359469464305,407.67420909365427,13.17128578264881,0.2045843972429271,-152.74072833143276,-411.2048511303376,131.17556567356198,-227.49954594700603,133.7226083345609,-76.577879131154,-352.60515393555704,57.28122959939641,35.28897036880518,-2.633850747359139,100.38542892321423,17.0104780624872,10.484336896321112,142.46592443731885,-241.90608029074457,-97.51104006936502,192.54229943936983,308.71859682378704,-683.0577218859532,96.64413082162453,304.41990047291904,335.2244333283779,211.73262257422084,235.83117915666304,343.914073811817,156.49085066910166,-188.4945807226357,190.93141366977633,165.44304738808074,39.33040235986135,53.50933059239593,96.51681795110194,109.63223343106155,-585.2871686019779,-56.75802659434147,-19.55798358275886,44.66212434074113
2025-04-23,89.99270565999471,112.86515138279269,216.34199940380302,-62.32823322169875,-45.71364463446573,-325.04192481917437,103.84980217948528,39.92463864140285,-169.10315669240228,128.05549183470274,33.22164181263815,191.03143744294113,-116.82902933181153,-743.6366020513299,-241.63075026994574,-158.0097458748045,92.19761738502336,-778.9807052196975,99.60693045952453,-80.86231236445919,-323.6529185601293,86.44526362818425,-45.16747656592183,28.775279887506688,-30.73835352207946,160.45368948489613,103.57141592154636,-4.806767706316263,236.40759060047608,-119.83171402179225,65.5181306709148,275.7316109835671,-996.496844142071,43.21402131047586,229.85430665731175,258.39818131459344,136.62682226894935,95.6414001269711,318.6394581722944,-33.3783439279964,-184.51342082748897,103.39563326955899,49.43505681543547,86.22434352398285,145.58771622917854,-0.7488226137171363,318.3848773796984,439.69946525947,638.6827931264518,-279.9838507201914,31.48961207387706
2025-04-24,51.592353566167745,191.41036759727425,241.99698485713404,35.4817301609928,-325.62831195434916,-480.71381400883365,37.946172704903205,113.04251109142746,19.721495526769335,234.29093945645513,193.2843948929475,86.49826901933035,5.153743774986326,33.26819181948488,33.85523486675386,-287.9795360750592,166.78735802353802,-648.4162135369684,148.00239172500972,-324.4188520827872,-417.9878996753258,103.7042440386116,-100.17892165661648,81.8060343239067,108.20386053187356,186.3092523715746,296.5617727374159,259.6226238306921,-74.54312747539836,-92.6713117062831,96.94105174033187,319.26950126411316,-688.4613653430445,141.64212572912336,149.0523863701149,415.0175002252696,170.5462293283204,-10.77514646049198,323.28462454026703,138.9604234874423,-122.5856485070498,115.67807960242557,77.73947571946916,83.89820028197364,-180.37971495926007,230.06579600987266,325.0918928937073,1220.6389807909159,884.9746352194712,55.81873072199494,163.42021538624368
2025-04-25,42.12905446220839,122.9111933564729,148.08579119865362,158.25336454521482,-506.00626884170686,-373.31912231885474,-76.1658572161613,96.19042283007705,73.53831129996837,208.49232520103845,120.05553324174791,51.277806657289744,-75.05443855480307,-269.9979059320257,312.7323792933335,-50.4311632367571,171.36644789414558,-777.3357389627902,103.65406793638668,-212.19048613441285,113.1382374935239,93.24336901475276,-86.82005409011842,7.01274487597148,-114.52027727811404,413.46303287263726,257.30208623936977,98.51203750298437,90.9304492132844,67.7035592213616,55.84048710666562,297.3405121229495,-1408.2798957729656,74.38086419273291,121.8967177525753,578.5538575482784,-153.69086930105905,-223.4017211286677,297.28647314694143,38.6684145925671,57.271340686026214,56.98810176102026,38.93345855544652,8.407274372923363,-186.44082676726092,-52.461876399540344,392.79083552110626,1059.0237094547904,1021.8204325115865,176.62633896692796,197.0608419429703
2025-04-28,-1.5718529219740673,337.2967833357638,236.74540993579492,-678.0696783190904,-565.9877010943508,-283.48016854249846,-50.25470818144389,-149.46068753123524,-149.74048396178648,511.92806881146277,402.86364974693583,-168.21178823642066,599.5210842557195,129.17515872723192,642.1306447470901,-113.6032722762109,131.4575856774444,-113.31071101650765,-232.28432067543378,-179.92305809936204,148.57264662831923,42.43912110056953,-1.5718529219740673,-216.5697617537397,-189.89732273826138,165.45104445551908,233.50521415647435,370.29746782366516,-16.68854478870007,-76.52505788613722,250.21814643632754,419.61964695346893,926.7612425189939,171.79469754913268,74.29031748679024,471.22144649215767,227.3135314486162,45.73453265910912,360.4622989721129,296.93901910805954,65.43060308337411,435.1870573980747,466.93035831799733,113.62896117833401,181.90640383872946,491.3261020546458,163.1144701405211,308.56316947480053,328.9780575103463,366.2729838293941,414.0384647278795
2025-04-29,52.3180471521101,407.84977997055324,341.93157422894825,-245.90172564608375,-211.0693419841155,35.99280195574198,-123.25469455414036,-4.409964818629928,-523.6273811326931,428.61273597527844,413.2134343629453,-16.732766046524898,377.45368463248013,42.183717619313676,434.4034331730091,55.31178104947206,154.94900130532668,-68.08109915350728,-261.7528766178079,-263.86717619506317,464.7480852485855,102.93314311571356,-4.835122079359591,-276.3883954510828,-472.9522525583564,217.75168183840614,121.99185987240604,436.5690267022941,152.18257590240725,-79.02432706383291,373.89856878278727,647.7398142117837,795.4755030359771,245.26240984680402,90.73897716702092,287.30612650662357,320.021588112417,67.54059660267998,152.319342496386,257.2580394729653,114.5369821393871,376.213730092254,432.88207476788676,113.0255659721014,5.871405358725016,487.9886227763179,-485.95752502232654,39.66741611192441,278.8333519303737,299.1941168409987,443.48874976249755
2025-04-30,214.89753443325176,308.82991824992735,460.3258956543837,-320.8667226428098,-345.7517304031701,163.51761101989896,152.18508283737495,-41.95024749871273,-126.82198288434314,358.39260054948744,447.2337550037083,-267.4227445591425,96.22490553899333,471.921024528137,125.15885635617433,-94.93282685480621,0.534920340669973,-7.3788773190032915,-163.0457783161753,-252.287236569646,-45.663727375539985,-126.17613656160992,-1.5718529219740673,-158.58489503674977,68.58848498301525,27.306210219614226,111.52617953442704,17.1707821907759,95.94930275870338,-130.7736861756805,404.3349587470018,685.4086951543032,1020.4620787098912,379.3282471506798,198.38290628360056,232.73391493394604,394.8128116508515,126.21367435947109,284.7042401976585,300.5742789545597,249.00827837837832,223.59499788219998,135.8355187655168,77.09942829515818,-99.37072105404226,402.7216243612727,-131.24091824014258,96.08908096862424,501.59509051108887,246.54746205972697,362.2293270513569
2025-05-06,-220.13358028752745,119.58948493196259,131.83228304731958,-355.99803217645825,-36.84108433478351,599.4633505348444,261.4065726835867,376.6639720505683,342.54241978762104,301.01386724520313,534.9638439145303,185.00032723810074,28.149365399251263,368.7773322136552,171.69035019240008,-180.08030469065565,159.59177199698732,-271.0331049046974,-29.275623200219474,-180.27889216541467,4.706658675482134,271.802063531275,91.17911314423868,32.63211114709278,17.386699228926307,6.873831380703488,497.9819749890084,323.03797675296556,198.97078379476957,170.73939482253311,-590.3212345313295,-32.52033625636016,439.67988269651676,-159.32132570912975,630.0094092523243,134.86217501621405,-151.63476816831482,-86.58490578040796,201.31760096268462,326.2771131184123,384.6592874797491,-57.69242003207889,624.2327123282524,407.14907673873023,-127.37833987096215,401.5015813371667,147.90516533617,-80.05273398709393,-85.17795648865783,-389.1509404327226,101.08202173498495
2025-05-07,-121.05328005523295,104.27863520043942,139.33175778239283,-264.54247402798416,23.31316865001941,778.6416061690184,378.56381463800955,324.2569209520674,544.0148854010763,430.85295809402027,344.08501283443417,222.30172665538882,-151.38491956205266,420.5772358031523,-51.366136051889875,-367.4990508253156,-6.175525714848146,-456.6549874898429,-51.56594887929145,-2.3921818464620492,215.44332523287272,139.76759336253374,86.12792678155955,37.85884463277335,64.83190632866338,-226.8447425755952,498.6405086341859,-109.80918501190962,149.60993030288438,152.25955387639235,-905.7253270590372,-118.3480811234519,4.456434508029626,-690.9323936492644,692.1174021267876,0.983841643680544,142.6143850775987,83.2907124741742,194.20233344279958,218.5739255459356,333.83423370728184,-428.6509725730753,316.3425208713664,416.2453378589875,-219.22981608824526,366.49272610054476,-1.4619180214447929,-255.39187157533092,-117.25587645795083,-816.3825210843673,226.82916008287535
2025-05-08,-555.6451700457723,-69.53180613298929,-19.882430632946598,181.7568245831016,20.535353380709804,512.8412392948528,-84.80938066032337,306.9327640180265,217.58364042362805,286.98936104466543,127.02708983097459,215.17209564647,-39.823416812552914,370.88703647427127,-539.9977830547746,-111.4120324867217,-258.6446038810033,-506.17883008394807,24.683984377311926,89.84445108608027,225.9771104889275,324.6862963066099,84.76678967491962,-205.1527838059025,-250.88196939151558,-759.700332606369,345.24810814097026,-556.6091040544518,89.86510508398372,-41.78917888012955,-810.4755244599478,-380.15319755315613,-519.5300674177395,-883.3760345617195,287.49390198322504,-124.490853757182,-594.9286207163505,-220.2817925277395,-31.010140639077125,358.45631344375903,190.93049822914938,-1318.9142840072595,272.0359654973153,210.38364043027386,-683.8690728889625,-318.2780101683771,124.64169401476921,51.72628811396857,206.24950858114124,-1109.9545397788934,-243.29302419860227
2025-05-09,-488.9246644643457,-509.66996879597883,134.51734012412214,459.1796760624823,-235.17074976403438,482.85003319027334,-147.1006538838299,30.961380935343566,-56.019648184830636,-101.8562860621134,-240.29518813896746,230.5649195298944,-405.06484411866865,62.931018255210184,-719.046195623723,-105.31537259574714,-249.4424823063221,-743.6622620544495,17.56257194023802,116.22264339694907,-194.3252085739922,169.97506207483545,79.7009872595933,-97.67866689117182,-263.1507702386818,-272.938818061738,336.1466706190955,-391.3341708115319,118.08145691853092,-101.71681804483937,-1008.3008139603131,-1045.5881019565345,-1423.5305303420892,-1095.2998865691295,-67.58815727864642,-466.33690917631924,-592.1024266972345,-334.56264323898785,101.00636959116709,-833.9851093344879,364.73748378715544,-1474.4481292425653,-290.90835412238556,115.59968276193764,-588.7089756467121,-602.8397796960902,-494.85373152896665,615.5463440230703,339.6628012227071,-644.2898749917599,-578.6082919114792
2025-05-12,1402.826900644077,130.49941878365124,-150.98866543948228,91.88720323084807,-167.29860441536184,638.2781428206995,308.2818722210318,212.4987860256738,160.47343167650504,207.98236294163613,112.07468821004841,51.864866565289965,-328.22081507422786,628.9674532238395,-640.3658691919063,110.82153009338775,108.15831438329666,-275.2918708054902,168.5564659453015,292.0018305918065,131.62088223285966,76.83312995270161,46.735514192332985,-57.382148516638324,161.24939770099593,11.564868086248602,246.24649784824103,-562.532846331681,158.30289153805353,-59.398394576806105,-300.9719471571521,455.7228250743511,268.05856170865326,145.50484135831164,363.58366233768203,-455.0699426549246,396.57078965624436,134.78932150691796,88.59781848574887,-424.3815378082858,89.13575194032852,232.68545878953427,358.4528547473366,293.7249968043813,124.85390365820219,-7.568247184359685,-1005.931930777108,471.07971031898563,-165.06728412973692,-136.8268212242906,-436.78375637501824
2025-05-13,279.43836756354835,144.8676933150595,-188.15646916366555,-76.14919592235559,-121.50676609517126,-856.7913339308509,137.82882175890407,169.7987690335236,139.46385033229095,-64.70817303083318,188.45519430662617,-74.6971061608914,-694.8453246951067,499.1351003030083,-1678.2542235975404,240.55850770081867,79.01394942445907,-91.09730120168493,164.80708155479422,161.00525388543878,170.23944432578898,13.738844903269062,45.489340948424044,264.1523725624318,60.36015525748808,269.89607078149635,156.71161052552733,-423.3671926915359,217.48664767953412,54.09945684328684,-381.7900748441953,233.03895354307923,109.86621031578319,196.35698764364784,274.38848561972543,-98.40826802770458,227.5566140900342,73.27933228607162,6.595967941907161,-516.6703161781759,19.72449833820678,95.2527724933253,199.822744627311,220.90259410983325,131.85147147518217,-205.26072912855457,-911.4326371001997,439.6503934601563,-412.4208124902439,-532.080712779074,-108.09170452745681
2025-05-14,-162.62874786105914,-14.604109459147914,-292.72171502518637,149.4959450726216,-103.39603404302864,-1483.5114810987784,209.51068952359208,218.6938402475311,165.8847139855558,-205.87402501029865,183.55113118583486,-175.57152210237845,-936.1638534631792,153.15240145784367,-1082.1403235877979,153.60123318692573,-6.269537912184085,-52.49555777276864,101.79755301681517,131.95094216652737,1.7409166677371308,19.280632323593686,35.230602526291456,425.9951659537042,-102.24629878394074,-25.298524050324566,7.9429914954974015,-484.55712516801697,221.4033548210128,44.370044947708344,-490.903968293692,147.06142131894896,21.127957620020517,64.70322521710357,181.15395522243702,266.3999863822391,154.89208006356336,233.01809471022128,-82.59899337643238,-478.98765355588085,109.04152926729718,29.188744235137385,238.39302284109343,181.18186090487362,94.00486408288772,-255.52613478097123,-406.5232320557521,311.83839110482535,-384.08727690742717,-652.2656884917183,-527.6396887795964
2025-05-15,184.75580804886917,-127.00802517421737,-199.8536699227645,-75.7384629663767,-43.405292815778445,-768.8520911504211,202.25456979845694,125.59556914946903,46.90729876299371,-105.95788543643063,154.09695550692035,-102.09730650625063,-1078.7604468559102,316.2660133351919,-715.3178133053982,28.273214808228367,42.55773093561255,40.619275502903,152.7445383283608,128.46896273458898,233.79424329217338,-9.960722177507186,1.2819132169651217,211.64989715052707,-304.9651960845425,231.60535424163228,-26.036654504465538,206.6517428053493,123.69511930153561,136.95087944581687,-546.7972360767661,335.83258869138086,-21.316716223957236,-44.413127238558936,92.12049665090719,-104.35788890860341,-44.95892205141204,137.01253626258406,76.10328043879356,-794.9176609575117,15.547791793957032,-219.97295398552174,-0.9999845018838665,68.17028102279922,174.7033611541975,-492.4349947072248,-382.99196722191795,297.35686280737406,-346.3905903509398,33.59260575649498,-658.5571589801268
2025-05-16,-759.1601233881709,-745.5042034317271,-277.2743330927772,59.081413472014795,73.25025427225968,-1974.773197982477,169.66666493721578,130.99569992689382,-33.31295319805879,-586.1379411529269,-56.659868613600004,-256.4194796011871,-840.5918509015488,515.8902866373176,-365.5075442878255,153.41750875600684,-315.81535803252353,171.74668993407485,180.81165252173508,202.8487318376538,376.1232725871243,39.562526072123845,5.689299772405639,76.23344737791543,-316.26820111586306,178.42293937173284,113.02310698433013,81.20540532064462,192.56370452412256,238.47661984860397,-861.7809543155491,69.82179177269994,-18.583942965056828,-50.98628455493979,27.36771015235564,-22.34167228363082,-111.13549544130619,26.73640030526454,8.496939368032436,-718.451731711612,-80.31362872008866,9.135845998194746,-384.5489843166129,0.1645475166126067,-23.63679801236696,-1014.9542576450176,-139.73591778533137,272.82999472538046,-272.88959714283334,166.81379039497986,-647.010310659058
2025-05-19,-330.1604790665855,-154.74439122511308,121.66152134768517,-173.66094059336476,12.315147638070778,408.8018666661734,62.74117111453922,8.665078860797626,97.3885760765292,-68.25471597734196,133.67375125420057,-110.76223452289483,-199.99570974461807,521.2393461914135,207.3146517743458,8.192571426618537,-209.73614977619667,-167.73991102360102,107.3721618554872,-89.51593261121644,223.64773947117382,19.131162508095766,-5.654069231835148,27.327771098803918,-190.89627181363977,31.94091889325726,-9.859608211564042,-128.64360325949787,174.43528207580562,81.09732606751567,521.1601783641235,213.22441565966668,9.519840112359573,208.031293433564,-460.56244628070624,-48.455266330656265,80.2068695810303,-1.90671909159497,-75.14810038017971,27.974176409314506,169.6023073200516,-61.32187860317146,494.9256315902453,58.84583720676961,128.1682803954695,140.2628678370386,-98.07449357406642,349.2642764736696,574.6316990763974,-77.90616714336787,-163.9323230621433
2025-05-20,-1190.093744217029,-525.199851334405,-175.04334261918427,-371.4269351461837,101.50731025066383,-532.9900851671935,-183.00182752803175,-10.292643421377893,-54.27857118105651,78.032047276842,-270.07975937342735,-306.12374213620427,-195.22678495536184,-30.9434801233507,-524.3218811799866,69.93965326538608,-107.86305889824517,173.89108566960317,126.28162572186496,78.60268735430567,-86.13458420631902,7.804787612236857,117.61814316043743,46.520891237176826,1.6261632126102321,-22.38867127122946,-22.01703579227976,81.0925449821975,178.83628463026463,4.757761537494568,-225.3070705382757,62.335702571101805,8.399386339668371,45.3428868059649,-585.0416502388579,-42.90346458624247,-175.58899892668643,11.555359762039554,52.58013745318767,37.232433680455436,74.20514028145597,-208.38087024594435,388.6169692184132,132.18433921896974,101.93476561166639,-16.042455009341698,40.14483164160361,173.7615669427886,373.65646117852793,-39.38181679455949,-79.40215024603162
2025-05-21,-1283.1780656250578,-242.291592310849,-73.46611542872535,-418.2043288572789,205.49686639661064,262.6685086200208,-6.86478939509446,33.10713607043321,27.390203802995533,79.84256486792111,-392.29807890133566,7.844101759865618,-12.638029323473523,-1378.1814298050301,-70.26875599748769,-37.507609624341974,-22.067649290627365,99.20129963404283,64.13067326164824,114.7023585991637,-124.48453657051242,-38.811397306275616,15.157791998590518,-34.32553801458263,131.09573376551293,119.56835953859733,107.9748060860813,-57.65891513657758,-15.339702098540398,-5.799688191177955,105.0969226148116,-36.737011007360216,118.99321823944832,53.229074100635216,-370.0188661165324,-65.34283512867354,-52.25320682950326,-35.33341228773886,-8.4781764198784,-129.03353795521875,18.82968915023989,109.95500420285214,156.40783371570427,123.86210386623438,69.56492452883865,16.306016797185347,-136.5795595767873,-58.49863452190426,-75.57219099463434,31.62819943658354,77.12070350707349
2025-05-22,-1580.2193793861904,-271.75017450655184,-40.46011540776784,-672.3654971298095,166.09173566461192,-831.3544377024223,89.97188635674561,10.907507395123796,80.39390007886433,221.0464850672068,-95.23578792180876,-147.8878122728293,70.92237557769886,-1328.7116215707358,267.30278783269165,-96.65435889666074,177.21037713562674,233.221622329024,59.745877349492865,149.41510581922043,75.60336919611231,-40.10364236978354,46.8347152790488,51.721361578563105,136.84253551179654,119.32387579338751,175.6411012478598,-46.967957700501024,40.15717571646396,-108.39585792718391,268.19217923452175,56.55128249176752,136.42295125771653,-79.12436310747597,22.33707729010197,172.9364747705646,-294.501449241416,-16.698890968852734,-44.80619354124337,57.53023370875247,22.031551139349535,-42.849312238247286,292.3530923840699,99.36493350524752,4.343599087488736,-60.07112655576692,80.60380074289716,-198.45431652126328,107.64578133942678,490.11312174107155,149.1841315084734
2025-05-23,-2215.319540925025,-161.47301394435408,1.0443965863182378,-194.31048720998345,202.59713018737753,-1511.3966364454725,143.7919494780998,200.0282502739911,100.33499500894814,324.8087331988993,11.105153531830576,160.10816949702007,423.4822912919494,-1609.9352184215286,341.83051987300803,214.46315890501586,108.15783971119353,182.57004528617574,78.9138117249322,198.8400030688409,1.3682883193401811,56.28966494396903,38.29068997864126,-41.75884684784048,174.599372088449,283.24875308736904,130.4338647674761,152.5530852160221,83.51959574228648,194.69848634385187,299.99645961891565,-20.073029457809245,300.09688387232677,-382.3716300102191,82.28551875852914,420.46161281573393,-185.53062917362212,72.38390836154144,-52.76458266289237,294.77240310072295,31.240907831751976,-103.86112012050359,188.05189538139615,23.221897093284788,176.0663294717435,465.1906510814231,40.11344057180451,103.27025292762437,59.74962232700024,663.193106442771,129.5747214376235
2025-05-26,-474.4473564182469,259.97999316063783,-190.45585442300523,398.14941182459273,123.31352336836967,-438.64025195663083,-88.05013899759186,84.80024211087076,133.07610536892827,99.09426847065518,-156.91726563021996,-12.418647300384967,130.21492632028924,-372.0949315703357,695.5412396533502,92.25577058382353,-79.0358982652271,52.90308947373303,6.913891142908595,327.2739273529208,562.39222216962,-1.2784368925545246,-3.0904373798578053,25.5271888510848,-13.007987538048976,-10.544145379063634,-35.77849787106806,82.30671595490415,288.14943500108154,108.72395171603164,31.160835548513425,10.160463167379513,47.51814897274177,45.71081492280246,-36.190517319823755,-47.17379063980364,145.63383430664965,60.39582281696394,62.109246674581605,324.31728230009895,55.31289727570814,-30.21967529898165,200.63175059682587,76.51188792684611,-26.563349240896443,446.1636997315392,-158.1563260240602,-159.55450320649413,311.30333862196335,91.86959488009146,142.42373890166706
2025-05-27,-1931.742004142172,384.04481538093734,-54.371624408353476,430.77987278440384,111.05972301106551,-2056.842362209971,7.6663860443223015,113.77518458645008,107.76485038805008,279.3449919301219,270.79252939779946,-143.04637427613022,227.60493849848768,-146.21306063412953,603.9883384810913,41.77768638631619,108.14898605008743,-24.07910742346467,26.682475325621297,313.35460746890294,581.4109749120074,6.2905971298269225,29.740803491561373,36.59427321441961,33.2723672635642,62.28573581611633,220.04111543112407,61.43557056075292,268.9316319441166,100.44412217456832,-157.73451019201195,-32.79295946012264,117.52976068163615,338.0737320640639,-77.49383551411395,101.34952659548999,145.85007591161516,20.47545381267154,74.04438473538374,128.86331216132987,62.69278428594424,-52.03861339602696,171.30893673599246,121.20550475734692,-54.698775143826744,635.8589207849898,182.67407722089263,279.0457481787365,-10.566270986861957,223.58454528501744,203.23452903350176
2025-05-28,-1824.8798397939795,313.5757443332795,-190.7133650780731,243.65319396821633,68.93242794321102,-1612.323191030943,-36.46135850852056,94.02487962659374,106.10640435535316,131.86767905993253,372.21931442998056,-39.660338736734786,117.58643881699841,-1054.9747871474751,158.5388705188983,-80.4000102304854,-120.21728014943363,-66.78838377366392,64.61789730821788,324.67241339680777,523.5439215094316,10.401794057185537,26.067169462020104,24.85138485785061,-267.3322597783636,133.7258291449335,78.39685467862041,-48.000657009249174,222.09169564142962,29.504940651463116,-117.47083127469098,-39.075728543539554,-156.30754424580843,155.95145756035487,-147.5052102260808,-216.20092047784235,159.9780531934943,51.17853046224472,91.48895660959293,-25.817993334683983,28.63326681538705,-82.71372977440795,164.7620868895894,81.99377291368448,-209.61025888063023,501.45051849878195,180.02378265396044,357.9213554133953,232.84571434218822,188.9554759598932,78.69800071362191
2025-05-29,-1376.5725659534976,25.879598438645825,-133.64162944755805,-139.46022967426728,124.44827564030714,-1378.4405918633893,55.83484849481575,56.875236544490065,49.68600955352085,305.5949187118935,479.6103257241334,-5.330595205998053,98.53563534274579,-885.7900889250874,9.937039827978596,-131.1045714534249,33.03976503145836,-109.23937075157535,47.13584424287246,209.99446853739335,270.2602609014464,3.7780105661117247,-3.228106333287718,16.074903068290897,-221.7962236727143,61.374070351756004,151.1895393749879,-110.93272209527825,10.390111356954607,35.474617692955384,-231.26436328707325,-133.01229489083852,-386.7835405826205,29.20337630215884,-43.22094136545313,-39.18769134842336,263.8259002997511,61.28079046733355,74.10856963006869,81.76219757917303,42.5082848193414,-176.5523326763855,-43.99469555978378,66.84532607817226,-46.08264886398189,413.56453732229346,201.22785668191221,315.464315607924,237.1285906824738,171.2819674372417,320.2214410706349
2025-05-30,-898.8246622017729,510.02981555622245,-125.22775415991234,-410.15427572423624,154.99850477512842,-1667.2791235484856,-160.55123487751882,65.85304850302518,-94.23589780294762,322.4161325928883,591.9585261831278,205.1068582241765,208.50275043311177,-497.8355464930628,-4.003609578410055,77.39215249450402,17.685579412124298,-8.21956623714601,52.41822578416917,-10.36688576671736,334.6961086908353,13.875401512957952,7.048416454094005,10.225353197480313,-174.09456290170507,246.69125314223157,74.07894218452606,-93.62298049428409,65.77076386625862,34.434277820368834,77.5128173876479,-81.71770006977987,-69.0736804876843,116.65108121413765,37.82972299953626,72.34481672540257,107.059923027488,21.98566124171088,126.26071388462057,266.8388216692988,20.00785117603899,-16.068491396087083,85.01720884267564,73.65719199259516,0.13248555581368016,262.7077991853336,242.29081624739848,254.05930609777602,331.8247710453219,314.1255985866744,190.13730037887854
2025-06-03,23.922816285910105,287.5951422132228,-72.89715130685276,1044.3414494185545,-265.8932651098548,-232.04674476192818,99.88876900305617,118.41468155523641,211.32046597973192,713.0786041726055,467.9642689521746,15.011100712194631,496.6440662814701,214.98438509519107,664.2071068757833,87.91292534375563,286.95040831340833,-33.00210390923269,19.25994795454979,250.19300748139918,583.1856449288342,-92.19764102310454,68.70625372034438,68.04948224453713,158.6309629050657,31.790577858247833,242.87916166551895,-65.98779047857698,-269.96374001973174,79.77648155046413,233.64488832607358,21.5693057464426,956.7863311292791,279.8734758037155,264.4829316750306,412.7850261556801,238.26662906583948,120.69750482634579,25.738155670316036,403.23137890118306,-163.21132842938925,105.4913071324335,486.4446550170431,97.5594710371368,-176.00965445509516,737.7228210221286,298.5833813627812,87.7955337585811,306.7239504652055,251.15326942272372,463.7179041482705
2025-06-04,49.58552594517868,200.79098137703787,-2.5606738027430342,1002.250078885145,-249.61617341297946,-63.766832402380864,43.691371981828205,114.22977359318433,-6.763210278800509,501.05330521396974,467.130138035017,36.39372373903566,540.0613532557339,200.6208206687594,201.95537944262927,-76.76075060357725,192.9313950910485,-13.817567116393628,203.53513607763068,107.03424328738815,512.8499033023762,-207.64090262765487,74.92628749334958,12.529269817699447,-31.46995356290736,152.6439199527818,190.95125947839034,99.62801758933848,-185.43159434716068,179.20734690937738,190.07984927861688,6.158866805677894,688.9051323464124,94.22634524856126,240.00077402515865,254.36325904652836,159.2750844757811,96.0011168448665,-16.24715591028244,333.79312893762267,136.82992162381083,-69.93326524999675,363.92504340411955,86.22442480843576,-203.6504475734426,382.39058018547024,126.67593777674806,-2.9344815298306326,292.61883417310344,247.67119072789188,365.6221889329642
2025-06-05,-200.33626599523754,214.57780903634134,-55.326316235038924,1195.22664677178,-421.1978753574145,73.88855206173419,104.67349505974262,62.31402511865394,23.719780376427554,534.9762411265829,580.4744477311663,-29.000272606459017,470.36302430095645,836.1232891825035,268.64868059700984,-31.517570168858708,7.933097483700427,-31.421330152958365,70.2182874556764,134.4569562963083,761.0106102069493,11.484194839691368,22.828952452083204,51.737257530370464,11.394615851801339,124.51095194301762,-3.2749156568634366,115.77385619247464,11.887722268199893,103.56906699005913,-10.882557641094111,18.913393682996404,845.5355447361384,-66.41934635265282,241.36902908292586,313.4009982556311,231.86578517782945,140.04483679354627,-85.25457373201131,218.38231804946054,72.90739040172141,9.297795331125704,447.07330081581307,74.55075833364302,-353.74096984423824,384.00531933323384,179.1593622434067,165.63404147385322,436.8207136899984,84.08586591658012,142.11807707989362
2025-06-06,-139.76171649200933,25.836740964419636,51.28894549888191,786.0405628207943,-160.0540694634574,-214.32096019896028,69.69900164985008,83.38770695209882,-23.87546678335742,718.1564836353558,538.6262911498873,2.5039852900067334,573.757131486322,997.9896371462875,491.04690905925355,198.39830466401648,11.688032790787807,-134.60502603152068,32.628602390148316,14.34143466681588,687.6891875163066,40.09395408008367,82.93153698528563,24.365212526751318,284.4452980668226,57.5536017239618,-31.681507186011185,100.23619881497252,345.713244788588,128.32631689281675,163.84357664662215,-25.833142259648763,1030.3441882912991,-58.62309636564938,264.7394273032371,302.2536761682336,110.49637860386083,23.62475398078978,-10.89812774760379,259.111895882729,97.56889112435071,214.93649127561298,377.40822460970236,76.62547278862884,-277.6981940123116,433.27967797595323,-33.808444478550236,81.74406152643668,512.6161352722221,226.97116504591298,61.380037062208594
2025-06-09,-298.8213093301304,-151.10681605708388,-426.6656821598377,1088.9264312845216,0.675789846640321,-509.66620296434985,-2.3193218335776673,94.38048181248419,129.35529271364393,-369.69119396107624,-167.27068518370157,66.9502230280851,-296.4388390006541,-28.494140652229824,-9.95088089245656,27.121399315626967,69.55047379947229,75.02496478116889,-11.043967323265228,-41.424758649862795,525.4458845883354,-28.24975183486321,8.039954914038098,-30.851450858749693,101.45607098951537,-83.1893404650337,69.15172308155387,-325.1912994614374,-63.11381233985248,85.00302216663265,-281.3734420579437,-45.73187277848914,376.86820156966365,-44.192954719318955,18.37036965588978,-117.06262865311297,-14.785438190256222,9.389164149871924,-140.06958099733376,-81.8937488902601,44.69941803098836,-394.55408108892817,173.93858386984832,164.86153056932358,168.42592883624877,73.29010921820759,9.558591239220895,183.3044119135775,41.90168154989026,-251.41584321287257,-104.83573123697704
2025-06-10,-390.4890478985042,-259.687698516716,-806.571884877245,-181.09683287825357,-948.3194874660245,-1239.7155794504274,-335.56036072279016,-903.9011350573328,-652.2474723650915,-177.36743633525342,-388.6575530811877,-49.60426917747743,-200.98483959343525,364.5744495282776,-98.73687841758277,214.58985034617803,51.231797357300586,-179.93778377982144,-112.02779009150902,27.343868686464724,-1262.0813736930522,-649.0344969480311,-122.46200793603055,-300.767429033592,-517.0406138513077,162.8709336303122,-533.1980448164857,-197.0089855254387,-743.4340646526728,-662.5071185965429,-848.3712701389808,-731.9214836998714,804.6412949269012,-373.87749494488133,-173.7420853402449,-180.76294340549072,-466.80959495907894,-151.5642453893553,-708.5365213379105,95.11883390251907,-709.9112921016306,-934.8515305973029,-764.4903973336375,-955.389590097066,-474.1162589713833,-105.07829851372423,233.3422054353547,-360.06029433751337,52.700843574195,212.34531049343332,58.46015949677405
2025-06-11,-771.4706455390865,-760.3506754098815,-643.6784201529207,-777.572144644672,-641.4361316969954,-1032.6107152757422,-162.75416950533693,-778.3569278501341,-581.2927915060394,73.13365362967141,-819.5212275990912,24.93379388285343,238.09849827147775,92.94813694060663,-217.00936543233735,2.0538720914347697,3.50612751300789,-7.681104595833495,-104.69099719016776,3.279076960523206,-1204.1157556929968,-614.6467979455347,36.350405768935296,-219.01892234451952,-759.5486827432189,-161.5141385229484,-584.5690405530628,108.46463814106289,-755.6959151622799,-487.2072506133108,-777.9065658946621,-859.729903508336,1005.7099482956803,-135.86931783816394,-173.0418903069302,3.796108876268186,-387.3720665135398,-105.98444651088244,-496.11547704030573,-118.78784734311073,-649.5214677703188,-609.5282614179184,-1127.4414130644032,-867.3288677283922,-180.47460731576493,-404.44335331565975,-316.0599153884129,-218.7954045409703,115.96239192752122,260.6158167553799,64.2922639152601
2025-06-12,-213.82664256317355,-461.51283082066675,-1082.4429741964047,256.24620066415883,-451.443621657135,-983.9582849488901,-465.5454058842285,-672.6675456795286,-561.3395278469595,147.44462861457515,-567.9481316541394,-74.42896966101253,-190.93868811659343,-316.6132801595539,-795.0506207788748,-3.433552739054981,-53.95936003964932,42.47578497982132,-143.95717375088637,-0.6091386606035977,-1199.7445113236306,-603.7831355642162,41.49718628842273,-252.08342397711633,-738.0806533083695,-23.216931404689696,-731.5601391199021,5.172056754001397,-835.6653629322196,-531.9182021054445,-1292.8178374257348,-1009.3248500964477,534.9492435308429,-213.61737888058013,-357.1354306592737,-181.16958686601646,-501.35691258562684,-213.47969292841043,-561.7218129434418,-104.56917623214812,-497.29708261567026,-782.9843405039893,-951.4515025838408,-601.5738516437556,-136.2828215133148,-766.4016602653506,-1183.8575704531975,-18.023740693503548,122.63427906577692,-235.71788057836503,185.2061113361315
2025-06-13,-625.9135968699362,76.10893827903453,-1015.0237489406308,349.5746255458746,20.506113315064617,-409.50028141946234,-67.97603380496997,-431.2754596127921,-166.54571125236185,148.62113272756176,-346.83564505536685,34.01416927370149,106.72362380583752,145.5921828803077,-62.09570055845138,-76.30033424515472,-98.0026668266411,186.68252778455252,0.3818781781180226,-18.850746903454272,-1183.0980398526333,-182.5163147004664,90.83868300574568,-143.4730369776685,-160.58202709179525,-0.07751247932078031,-448.52414878473155,102.8195257795683,-566.1495725225999,-333.1130506798168,-1345.2357870522792,-393.4944290315031,1507.9285046491461,65.38976601915701,-121.27325986010902,-40.333737849131985,-139.71166366076153,-105.00282794069054,-128.03363817372784,204.7123799788542,-397.42628768252524,-171.34124334105633,-812.3348760244804,-491.31632431431177,-112.1219816615531,-613.5879373609298,-842.184651936576,-39.725092538731026,67.03375528325904,-18.278524326039822,174.71126448964793
2025-06-16,573.6537454186239,-349.7013756039594,-38.48664705231337,-874.6103511781863,-107.61288929614378,-1.9691931620787733,-161.50407700154614,-326.9974046913858,-409.7969085192392,80.91988539616915,-93.36704788059863,-151.70922140922477,-260.94074828303235,-225.97163291084465,-18.367598321608607,-171.0233436507405,-243.2969330379732,260.8936930052517,14.389115780221841,40.07950692522691,-577.5428385927278,-20.062149240450943,-5.46922935392542,-53.65490207586261,-86.30575152406348,-249.39952790710495,-189.53584059109775,-64.24435394883406,-39.1411358801089,-61.08800192012676,-265.1853149497405,-50.06741397266555,-577.9370473290102,-93.13002512522131,-47.65898409318808,-249.65953996188702,-160.73412196416038,-53.39521756300753,35.70355078686822,-347.5867813039673,-123.00627760436709,-128.66958853395352,-439.39725214168845,-231.9945868865052,-128.9364631541853,-16.439632417254856,-320.84710170769216,-317.28890715044065,-125.64481053866822,-122.46764024417666,-18.20871428967753
2025-06-17,817.8321027373136,-316.92504591538614,33.20264621618034,-670.6076766012524,-100.14787014791011,-27.421484140386582,-167.4002176330107,-252.11391559418485,-368.08524706784874,37.13350616818428,-96.44958079937612,-87.29151500147067,-182.64289526799627,-193.4837182584495,-2.730483915022581,-114.17668631586848,-258.8108000962442,254.74003829206987,18.808438281425865,58.43828728967057,-328.74786058836895,-53.557296060684344,19.0913613561793,-51.58264094985074,-55.59192280801793,-218.50586892394742,-112.39525915939291,18.03064502471871,-57.168624097476254,-73.15155630747682,-217.5982545446209,-39.52255676274413,-608.990136321791,-199.78125607970787,95.26728168352322,-175.1946477498115,-264.9542569294884,-49.586654388752116,48.80746341521693,-303.4751747022473,-86.66467491622898,-124.12658506236653,-559.4985397542071,-236.0813726286809,-132.81295794227663,53.27844756064417,-135.6753896978487,-243.37097558103093,-41.84429210596689,64.21444464939086,22.926179730580856
2025-06-18,868.247999298309,-285.4841119901662,77.33656778951313,-660.3890830173976,-74.32054859590487,-9.616849551413976,-110.85112487893296,-92.69368187607049,-279.8533578911971,93.16031579556842,-119.94613908230966,-47.63961520221916,-161.15887405099943,-173.0154524775442,209.3388764553594,27.40527519269176,-265.5842365716687,162.34358689269033,-19.186064844359915,60.223892498764776,-4.18686809077873,-33.86027262437907,19.986227744259555,-54.22940166184891,-84.18357865202772,-103.86631746837509,-6.628562604538103,-58.20863895576858,-103.41213585980206,-73.51631356319183,-170.47747336995278,-48.01062050302108,-428.76076724044367,-276.4770516353467,-41.17779640201729,-71.43937887800361,-243.2959537074797,-35.46088287321333,21.754840692614344,-174.07913327546297,-40.98232465848069,-64.7829278126932,-369.56738725413675,-321.10836650670365,-155.8900138951559,38.57346615524422,42.07286679321352,-232.26076519551614,-46.88848896664068,31.861212180004095,-15.61695800396206
2025-06-19,-297.92153711692845,-113.27903422636334,251.63243981183504,209.24998620318996,7.559980295249027,-246.1069621671374,-49.643454423509354,202.03411281066454,181.3838457679572,137.94670345781412,-32.56891129215958,6.907730601183428,-118.9013654741446,-105.80565835500559,386.8167747254423,314.1100770103255,-159.7515195288739,224.31446600055963,-1.4076484893478485,44.5052977560383,582.537417205657,14.472892485305513,15.515141285233598,-46.260932345925276,-60.226049811065124,-51.094327141293476,216.73249562402964,-38.47980720834176,-46.61349086627673,-19.887029721202712,-149.9289114569535,-5.423071595662555,-91.49974987615155,-215.09031195007032,-74.11194676698264,231.3776119816908,-139.86976986113137,-2.275488473515959,19.678521075055386,169.04540743796758,216.03836409271733,14.448322031588946,224.57638585787535,-162.9816039108196,-84.84960328763789,-258.2652031844255,173.54784247046547,41.59898207544077,-0.222511308827193,-36.27668316131928,57.41968072921853
2025-06-20,686.4644076593635,-25.582183725278004,190.85058339683658,-175.22175358510682,15.729007118442626,-13.098779283396505,26.733652468071003,128.67586794945285,204.29260820489878,230.02059593324412,91.83032237231978,-4.506269803384732,-166.80309866789716,-58.485214610576115,565.7626826998373,323.8228844213106,-26.26295847403108,85.08328467993024,28.786381429975542,-25.753723672490707,661.7404520486542,-6.948737704544343,5.937851036497158,-43.6473157934516,-55.45159733527724,-44.647054776332396,227.90843112803913,132.2932737484259,-148.06069170688986,-3.0418924563664076,-38.88401884483511,24.439708179850918,-167.24637956065186,-292.7019258986136,-117.81204011403625,263.8834469876867,-141.9273740155379,18.574630217411947,25.99922082193149,139.84748534187642,-30.969945477776818,112.41151218008781,-29.544798463699266,-360.98013240190056,24.381552340199732,-318.06723739278243,446.7012466733903,97.70362192483225,76.10384215503572,-131.89583120751496,85.81259802332566
2025-06-23,489.4770707167092,273.45647071415834,362.88707310123,-46.40407289194165,85.28530419345331,-47.97091157682571,223.11287358277553,171.08514816174625,150.85582261470134,286.62396671694927,264.8495323813802,153.51756237809826,450.3813755531378,395.6605374978376,176.24985856724624,64.32759043315244,220.77755418800996,11.071291593151116,93.8690989960069,174.24963627678804,7.706410143229127,87.77965859366772,-36.76472001275451,-45.98877785821383,156.1068307566989,293.91215031137875,342.36543203134414,108.08452413269733,-92.63184880680915,0.16677987013402817,507.9110493823919,184.1850466779559,674.8761411264235,384.46685366666287,-452.7811919639352,547.3560227678233,459.57290567197884,12.39859094059322,282.1119657145411,461.4183185536132,231.28765476482226,265.63509939659525,220.9356052437288,223.13544340325674,125.29123247053896,286.3540963312707,113.3924790449031,5.9803813629060505,-97.55994891089865,-160.56194511360354,54.041747941947584
2025-06-24,254.16958707286065,47.00315224383632,64.12337900703439,-338.2423741728673,85.06502685486359,-37.431936137573146,8.430770073007459,-38.17280994256159,-85.61306305132197,120.95300278135132,-0.6125970770386473,61.96439858840721,195.62110015125893,164.11151382002134,-162.44026078104332,115.44125596854975,152.90609780729545,105.17989063423038,75.90395840646592,165.0288726230952,-0.09077118470466128,-93.33215057189074,-38.90450880533034,-79.64936859130098,-267.2552722606261,180.17046518041352,389.8482063625538,113.19700041436123,-155.6984885412493,14.31870588432973,276.9961271382181,183.12284084460595,209.18829302328226,-133.6865140491081,147.63943787864486,217.71563411016956,331.1239853404397,-208.8369237551645,-2.1652261666579173,198.3221665739379,43.34609126694887,150.07237777724256,-703.795212268518,55.42090162999612,164.37114962720875,-24.175499200312913,0.42911341857173046,111.97210786090942,41.82109293608498,-325.66128340971454,-223.70244407318756
2025-06-25,205.06606024848716,-51.88028253195982,214.75836324513332,-473.8114593144088,69.27336072694594,670.0089127175096,113.12078576067084,-246.0487183531294,-55.28492682419059,-89.86225678482262,-145.12469514755145,-79.49702129926824,-86.00836554911639,42.27224678124859,-811.7610297852209,90.77885063951258,-23.134862315831143,91.38859218921344,27.94953697430872,260.35517497690324,105.31572677843714,-17.17829354450891,-56.497877959552625,-56.685419985408394,-294.91391934710913,-20.208904964337616,73.41966988599108,-163.77445175377557,-130.38279357388643,71.36273935023674,293.6386780523341,227.6496692360802,-378.60845141760393,-225.29001598090454,30.212093200012745,-137.48239780579178,442.8958170041449,-148.1698734319995,77.63363170045078,-209.98527112738773,-76.73969409467442,118.43976391083258,-1029.799396965781,30.123174534168463,14.570652386868673,-433.83605025252206,-149.06216850903243,95.91509824627968,-27.296442553163743,-416.5179938980574,-368.7367699635308
2025-06-26,-403.3523173310427,-65.85467928378186,324.3974285370558,-316.51161530465043,-12.82460934791293,171.751946598467,77.78122073174929,-256.98876526239854,18.982994756114792,61.05610441484943,-170.04846529283668,-87.1925014765904,-152.18234905738893,-51.629203979624094,-833.5975513340619,41.3033390801188,-15.57803773255715,109.97972184983612,-29.499587104936246,153.6730167673574,135.9748595350735,22.105666726077445,-72.80500425631432,-34.47922156226154,-383.65193063965904,-102.10965823611457,-49.81993538761609,-209.84022709843418,-257.0536234029632,68.63373599169948,351.76898617634623,277.888107409133,-289.3607356583198,-192.12762625338314,116.79154521853029,27.450159179691884,306.7979758242041,-64.67221742813399,-130.07431866341645,-111.99573579664663,-194.18059166724944,116.32969302156006,-530.5299411082298,60.32998677271855,103.84959587162277,-554.9272816548545,-211.75832305530201,-86.76160112989179,-71.24309456199042,-287.44937459684246,-401.5427874280571
2025-06-27,-508.44375663256716,-229.0571356486614,324.4229251436971,241.47066299149694,57.56190550524429,428.49614183803203,-1.3864075456286933,-179.48748499716618,43.60377672637402,-146.41288796325767,-141.60660142001973,-112.0147039694584,-234.76777460776964,-172.92435096909455,154.3103497997182,53.83115944792711,6.463162027612692,76.05772404524275,-49.6898712300707,58.118820128388336,158.9320205425375,-25.426798481748182,-56.63858698614847,-30.58822508996696,-385.66055012919486,-182.95525570441725,-78.73551447750728,-207.2196440437628,-336.5567357688452,-30.39594265452587,311.01827956995197,218.6088813250725,374.7814199243256,-216.7889927055766,63.5076105097424,19.433472742558884,257.6962594884385,-84.29154339315834,-178.21264741812476,-218.5192248607824,-234.5481711059918,111.70704133597069,-368.29339770648045,133.02615059232244,107.34231463044118,-764.6836624225147,-136.50288226567207,-23.99317636020276,-40.08318413055675,-346.13968193513506,-428.28933718194327
2025-06-30,-123.46918471536743,421.21706165196196,96.5726745038985,337.53569495608343,76.56858458785855,207.34294492302487,-154.29328808378762,171.27962645191565,329.78827143631503,-239.5613669038755,139.83877083474192,33.97427883845852,86.67397594001271,-201.70211231016825,-276.0592881747519,-101.30598723735058,318.75013409456915,3.475192787826968,-82.18900892679268,95.90949266086083,197.08768119035915,-44.98832999414724,-26.586718148154052,27.18695842736815,146.79687096522858,226.28520336840336,25.94044654661864,-146.3773931364011,259.5404704041456,161.4326488609644,21.476135926666732,152.40082652909737,502.49104360249606,-118.1045951121866,-0.9808097375202626,190.3648353607326,66.19003587802483,22.741978218631896,-163.23593267558945,52.907165023616145,170.38587356192815,132.31541164753372,89.69375392697542,259.55873330567584,189.47273773909004,54.60559110804307,-303.3582035252587,25.17386062090186,113.21994835500529,-165.14694370174152,51.88089282799159
2025-07-01,-128.78226500587013,304.198993142125,173.24604337463737,372.7695951140793,55.811649883719895,209.9040364954511,-23.440878681049856,179.20177799558073,424.3942061232501,-290.4258807751037,181.39529356890304,-12.741963851193207,52.575403891104386,135.69041238239285,226.80233137001713,-344.718483463585,391.6592497949465,12.185111988731917,-3.282914965773772,48.498199523214296,326.31438511832914,-60.4719274572069,-17.789112682261663,38.85066240257845,121.34176572056131,214.9490716698842,-55.282660053329735,94.63651095969678,34.35680296153261,102.73458156926257,71.38337660874579,64.50944156996137,748.9830561083578,-183.86712191743467,21.09527086669628,289.905582871202,104.82467387542245,271.71175013331367,2.1704173996402414,39.234962807646596,161.9272585577111,202.94911896804726,93.87815436621263,160.06335871985513,219.2826148704874,-70.5570930546453,-490.97075751265805,-262.94432533625616,41.69526213445344,261.9407461884808,81.39875246903766
2025-07-02,-22.632148534324944,306.4908312770998,253.10636373630527,1060.8561626981634,46.267036170326165,371.1660309927355,-19.316814241730544,167.4659080395271,357.2533656270461,-15.50230122770252,174.8391214159662,-104.9593209123896,-34.61750817516351,503.89665536310946,350.3731375069786,-414.1266004776211,193.252763419278,-4.566788672885723,169.82944853687698,-10.677072632658964,421.26110442805225,-9.215285175819291,-21.6053256836308,31.608336981876203,126.11138688140784,224.27104983302138,-25.294146464366424,568.8183867680661,49.870922097810094,101.40806389696327,54.517905932055555,85.4627155178781,947.5233219970435,87.81191597035352,61.42061166944272,250.02216972466175,-16.713884767262318,101.61087542536437,26.826211366355306,-0.5146390555533903,154.72663108580136,173.4762379914528,219.87686226437532,109.58347898846029,481.7230123235962,56.12285377745336,-389.62011334750287,-267.79583983186143,118.8533506473374,205.47992111996606,-14.775138332014437
2025-07-03,583.7708198999272,343.1277958219851,-29.418790571069042,479.9180785846732,22.8149159945585,-49.65626773215071,-99.35406803706651,121.9931784306437,141.3195132261084,282.7983916731785,238.3858835205608,45.972495979605455,98.46958186783685,929.0916717751222,144.2564354610448,-421.7208242440534,-9.61501089955384,-46.06346241381594,-176.33104315567067,9.125020479175864,344.4591378342819,72.56889073549848,-24.685916682357362,19.752406288847435,72.62142237489819,-86.5587167375926,-117.23394972634235,216.81329366007836,10.564879162446926,121.15464719753085,-149.857521123909,114.14754718759913,275.0879329427117,50.93231664604944,-34.9844955759779,198.53560942353667,-372.8280037544683,67.19717102014253,-111.20277283982193,162.98273640169816,107.40628073445768,96.27528957597443,94.25172364670037,3.9130149150987403,-29.799726787984145,173.9336369519352,-341.81038990337447,-248.42493115795426,88.29452725118918,446.1184993411363,92.24544335392658
2025-07-04,0.3733581319385574,75.63245186252813,52.91272672779046,134.61739290220024,-7.851428933060193,-205.97716716772007,-29.17333022742499,91.03090722083535,45.46703191002591,805.5192502357395,560.6854593409624,162.60903861048322,765.417848547056,619.8762063874148,-19.6475664354377,-530.0994853440733,34.61578098487702,-2.424354851809328,36.41620666651991,100.90674402100713,-80.60311314691889,78.67178358165575,-44.20063544365111,56.056123487435116,103.71868307589885,50.74756540127656,-41.02405743439887,404.6339015721669,-437.3956152588635,-13.49027390027898,17.53862987138127,-7.810145515239713,-476.9830106532491,7.242781281095757,262.8114012636203,495.52164778337095,-207.30063047744846,-180.23463159823373,-6.719611988793675,86.841819096279,-205.90868712789967,-65.21253138732055,-236.70142805153657,-167.04942140879865,65.68195649742772,337.37863393467836,-253.87628779402573,-219.41862985618064,24.555780044289502,579.440279148302,551.2580123692534
